;Robert S;null;null;null;;;0;0;2018-01-08 07:26:11;
3854075;SgtD;5/5;true;Po Sony Xperia Z2 a ostatnio LG V10 nie myślałem, że znajdę jeszcze lepszą fotosłuchawkę. Niestety, V10 po miesiącu użytkowania dość szybko się rozładowywał (po naładowaniu wystarczał jedynie na 4 godziny z włączonym GPS-em, bluetooth, aktywny modem GSM LTE, muzyka, endomondo i wyłączony ekran) więc musiałem znaleźć lepszego rozwiązania. To prawda - wielokrotnie widziałem Galaxy S7 w sklepie ale jego cena skutecznie mnie odstraszała. Wkońcu jednak pojawiła się opcja abonamentu więc nawet nie patrzyłem na inne telefony. W przeszłości miałem już S3, potem S4 więc bez problemu odnalazłem się w S7. To co mnie zaskoczyło od początku instalacji aplikacji w nowym Galaxy to ogromna płynność systemu. Działało to jak masło i żadnych zwiech interfejs Samsunga nie prezentuje aż do teraz. Po ukończeniu instalacji nadszedł czas na testy. Pierwszym sorawdzającym wydajność było oczywiście odtwarzanie timelaps-ów w 4K. Jakość video - żyleta. Kolejny test to aparat fotograficzny. Z racji, że zdjęć smartfonami robię sporo więc byłem ciekaw - jak wyjdzie ujęcie macro oraz nocą jedynie przy 12 MP? Bez statywu, z ręki zrobiłem dwa przykładowe zdjęcia (liścia z kroplą wody oraz podczas jazdy samochodem jako pasażer). Po otworzeniu zdjęć byłem pod ogromnym wrażeniem. Ostrość i odzworowanie kolorów niesamowite co widać na załączonych obrazkach. Momentalnie więc zrozumiałem, że Samsung wykonał kawał dobrej roboty i z aparatu jestem zadowolony. Ale S7 nie wziąłem tylko dla aparatu ponieważ Galaxy ma również moduł LTE-A kategorii 9 więc umożliwia korzystanie z szybkiego internetu (np. Play 4 Ultra). Jak to działa? W Warszawie w kilku miejscach można pobierać dane z prędkością blisko 150 Mbps i wysyłania 20 Mbps (toż to lepiej niż daje mi UPC czyli 100/10). Oczywiście poza wydajnością i szybkością ważny jest również czas pracy. Tu także zrobiłem test i włączyłem kilka koncertów w 4K (jeden po drugim) przy rozświetlonym na maksa wyświetlaczu i generowaniu muzyki po bluetooth. S7 rozładowała się po 9 godzinach (sic!) więc co tu więcej mówić? Przy normalnym użytkowaniu S7 będzie spokojnie działać 2 dni a może więcej? (kolejne testy są robione). Warto też wspomnieć o czymś czego wiele osób pomija w swoich recenzjach czy opiniach o flagowym Galaxy. S7 posiada komunikację ANT+ czyli można sparować go z zegarkami Garmina (np. przesyłać treningi do Endomondo). Druga ważna informacja to to, że aparat zapisuje zdjęcia w RAW-ach czyli daje pole do popisu fanom fotografowania. Na pokładzie S7 jest również barometr, optyczny pulsometr i odporność na zalanie czy zakurzenie. Ok a ładowanie? Do dyspozycji mamy szybkie ładowanie przewodowe (90 minut) lub bezprzewodowe (120 minut). Sumarycznie po kilku dniach zabawy z S7 nie stwierdziłem żadnego zawieszania interfejsu (mam Androida 6.0.1), transmisja gsm LTE-A działa bez zarzutu, gps lokalizuje bezbłędnie (jest również glonass i beidou czyli chiński satelitarny system nawigacyjny), słuchawki czy głośniki bluetooth pracują fantastycznie (nic nie zrywa a jakość jest wzorowa bo wiedzmy, że w ustawieniach dźwięku jest korektor graficzny), gry typu Need For Speed płynnie i tak samo płynnie filmy w wysokiej jakości. Przy 120 aplikacjach na codzień mam 2,1 GB wolnego RAM z 3,5 GB (500 MB jest zarezerwowane dla systemu) więc wszystko działa pięknie. Obudowa S7 wygląda cudownie ale polecam zakupić porządne etui typu Supcase. Wasza słuchawka dłużej wyglądać będzie jak nowa a przy cenie kilku tysięcy za S7 jest to ważne. Pozdrowienia,;;;51;16;2016-07-31 16:25:27;
3652459;Pixel;4,5/5;true;Telefon używam od tygodnia, po przesiadce z Galaxy S6 (używam łącznie z iPhonem 6S). Kilka uwag i spostrzeżeń: Zalety: 1. świetni, nie rzucający się w oczy wygląd 2. świetnie układa się w dłoni, aczkolwiek mam wrażenie, że iPhone 6S jest lepiej wyważony 3. aparat - wymiata wszystko co do tej pory widziałem. Zdjęcia są rewelacyjnej jakości, zdecydowanie lepsze od Galaxy S6 i iPhone 6S 4. generalnie szybkość działa telefonu 5. szybki czytnik linii papilarnych 6. bateria zdecydowanie lepsza niż w iPhonie 6S 7. fajnie wyglądający motyw główny 8. Always on Display Wady: 1. trzeba mocno wcisną czytnik linii aby zadziałał (za duży skok przycisku) 2. aparat: rozdzielczość 12 megapixeli to 4:3 3. brak możliwości osobnego ustawienia jasności Always on Display 4. telefon jest trochę śliski 5. w porównaniu do iPhone 6S niektóre aplikacje działają wolniej Generalnie, mam wrażenie, że będzie to mój telefon na następne 2 lata (jak S4).;funkcjonalność ;;39;7;2016-03-22 11:08:07;
3989047;Kamila;4/5;true;Ogólnie, po miesiącu użytkowania mogę stwierdzić że jeszcze nie zaliczył zawieszenia ani zamulenia – zobaczymy co będzie później. Przesiadłam się z SIII i niestety mam wrażenie że ekran ma tendencje do zachowywania sobie na później dużo więcej odcisków paluchów niż by potrzebował i o ile w SIII wystarczyło delikatne przetarcie czymkolwiek to w tym przypadku nie udało mi się jeszcze ani razu tak naprawdę wyczyścić go żeby nie było smug itp. - to chyba jak na razie jedyna jego wada. Bateria przy normalnym użytkowaniu (trochę internetu po sieci, sms, rozmowy) nawet zdarzyło się że 5-6 dni, jednak WiFi skraca ten okres nawet do 2 a intensyne WiFi 1 dzień (masakra). Głośniki jak dla mnie ok, choć mogły by być ciut głośniejsze – ale to w końcu tylko telefon. Kiedyś zakochałam się w kolorach samsungowych wyświetlaczy i trzyma mnie do dziś – nic się nie zmienia. Jest to moja trzecia S i póki co nie zamierzam zmieniać tej linii.;funkcjonalność stabilność ;brak wbudowanego radia fm ;2;0;2016-09-28 08:43:52;
4771851;Adrian;5/5;true;Telefon Samsung Galaxy S7 jak najbardziej godny polecenia. Jedyny moim zdaniem minus wada (po parodniowym użytkowaniu) do jakiej można się przyczepić to bateria, ale to już jest standard można tak powiedzieć w obecnych smartfonach... ale przy średnio małym użytkowaniu (większość czasu na czuwaniu) spokojnie można osiągnąć do 3+ lub więcej dni działania na jednym ładowaniu. Polecam tez (nic nie szkodzi tak zrobić) sformatować baterię tak jak to kiedyś zalecali producenci (wątpię by obecne baterie czymś się różniły od stosowanych kiedyś, ale mogę się mylić ; ) ) czyli trzy pełne rozładowania do zera i ładowanie baterii min przez 8, 9h lub więcej. Oczywiście ekran Quad HD sAmoled Samsunga nie ma sobie równych na rynku, ostrość i jakość obrazu przepiękna. Aparat ( niby tylko 12MP ale nie dajcie się zwieść konkurencji, nie jest to wyznacznik jakości) robi zdjęcia przepiękne (w słabym oświetleniu przy którym inne aparaty w tel "wysiadają") niemal idealnej jakości! Jak najbardziej polecam.;;;0;0;2017-06-19 19:39:58;
3713384;Mateusz;4/5;true;Telefon posiadam od tygodnia. Z włączonym ekranem na jednym ładowaniu daje rade popracować 4-5 godzin bez trybu oszczędzania energii, co jest sporą różnicą w porównaniu do mojego poprzedniego telefonu, który trzymał maksymalnie godzinę. Spodziewałem się, że ekran Samsunga nie będzie z taką łatwością zbierał rys będąc w kieszeni czy polerując go szmatką, więc się mocno zawiodłem. Do tej pory zebrał już 5-6 mało widocznych zarysowań, dlatego poleciłbym zakupienie szkła lub folii na ekran żeby uchronić go przed zarysowaniem czy pęknięciem. Podczas codziennego użytkowania telefon czasami dostaje zadyszki (nie zacina się ale traci na płynności) pomimo tego, że nie mam na nim prawie żadnych aplikacji które zaśmieciłyby system. Samsunga S7 polecam i liczę na aktualizacje se strony samsunga, które zoptymalizują to urządzenie. Zalety: 1. Wygodny w użytkowaniu 2. Intuicyjny 3. Świetny aparat 4. Blokada odciskiem palca 5. Wygląd 6. Całkiem ładnie radzi sobie z dobrymi słuchawkami 7. Stabilizacja obrazu podczas korzystania z aparatu Wady: 1. Rysujący się ekran 2. Zdarzające się spowolnienia.;funkcjonalność ;;16;1;2016-04-25 13:20:06;
3735425;v3;4,5/5;true;Po dwóch tygodniach użytkowania mogę stwierdzić że telefon spisuje się bardzo dobrze, zobaczymy jak będzie po dłuższym użytkowaniu. Telefon działa bardzo płynnie, jeśli nie gramy w gry to nawet nie nagrzewa się mocno, zdjęcia z aparatu na dobrym poziomie chociaż jako użytkownik Sony A7 II - galaxy mocno odstaje jakością i poziomem generowanych detali - no ale to jak porównywać bentleya do daewoo. Z minusów to na pewno jakość audio z głośnika - w słuchawkach też mogłoby być lepiej oraz zbyt czuły dotyk. Podczas rozmowy przez słuchawki gdy telefon mam w kieszeni wystarczy żeby przyszedł sms i samoczynnie wycisza się mikrofon co jest irytujące, a wystarczyło by żeby telefon nie wybudzał ekranu podczas powiadomienia.;;;12;5;2016-05-09 14:51:07;
4436634;Muzungu;4,5/5;true;Świetny wyświetlacz, wygląd słuchawki przeciętny, jest stosunkowo niewielka i lekka (w porównaniu do starszego telefonu o podobnym rozmiarze ekranu, jaki miałem wcześniej). Najbardziej denerwująca jest masa preinstalowanego chłamu z fejsbukami i instagramami, które w ogóle mnie nie interesują, a których nie sposób wyrzucić bez zabawy w rootowanie. Uciążliwością jest podłączanie telefonu do komputera na kablu - notorycznie zrywa się połączenie i nieustannie muszę potwierdzać zezwolenie. W Sony nie trzeba nic potwierdzać - po prostu telefon się wpina i można przerzucać pliki.;;;0;0;2017-02-16 16:10:27;
3849661;subiektywnie;4/5;true;Używam od miesiąca. Porównuję go z poprzednim telefonem, przyzwoitym średniakiem na około 700zł, marki nie podam, żeby nie robić reklamy. Opinia jest moja subiektywna i nie staram się być obiektywny. Ekran s7 5.1 vs średniak 5.5. W obu przypadkach ostrość bardzo dobra, kąty patrzenia też. Gdy leżą obok siebie wtedy widać, że amoled ma lepsze nasycenie kolorów. W ostrym słońcu wyraźnie wygrywa s7, w cieniu i w pomieszczeniach nie ma większej różnicy. S7 antutu pokazuje około 150 000, średniak tylko 50 000 punków. Ale w normalnym użytkowaniu oba są bardzo szybkie. Wbudowana pamięć 32 GB, zarówno s7 jak i ten drugi. Bateria, s7 po jednym dniu ma 40-60% zależnie jak używam, średniak za 700 też. Ale różnica jest taka, że s7 wytrzymuje 7-8 godzin z włączonym ekranem, a średniak 5-6. Niestety w s7 gdy telefon nic nie robi dziwne procesy zjadają baterię szybciej. S7 jest wodoodporny, a średniak nie, ale dla mnie to nie istotne. S7 ma niewymienialną baterię, a średniak wymienialną, dla niektórych to może być wada, dla mnie nie istotnie. s7 ma bardzo dobrze i szybko działający czytnik linii papilarnych, średniak nie ma wcale. S7 ma bardzo dobry aparat foto i tu więcej szczegółów: s7 bardzo szybko łapie ostrość, ale średniak też Średniak w dobrym i średnim świetle robi bardzo ładne zdjęcia, ale jak powiększymy na max to widać że s7 wygrywa. s7 nagrywa slow motion, średniak też, ale już 4K nie nagrywa. jasność s7 1.7, średniak tylko 2.2 przy słabym oświetleniu, s7 jest rewelacyjny. Wykonanie s7, bardzo dobre, średniak robi wrażenie plastikowe. A teraz wady, bo są Gdy przeglądam coś poziomo, na przykład zdjęcia to na dole mam przyciski głośności które niechcący wciskam kciukiem, bardzo mnie to wkurza w telefonie za 2000 zł. Nie można w s7 w prosty sposób zmienić dźwięku powiadomień na swoje mp3, trzeba kombinować z systemem plików. W średniaku nie ma z tym problemu. S7 nie ma opcji nagrywania rozmów telefoniczych, a średniak ma. S7 po włączeniu opcji oszczędzania baterii pokazuje notyfikacje na pół ekranu której nie można wyłączyć. S7 instaluje dużo śmieci które ciężko wyinstalować, da się, ale ciężko. W skrócie s7 ma wspaniały foto aparat i jest wodoodporny, mechanicznie wykonany świetnie. Nakładka samsunga na androida jest moim zdaniem nie najlepsza. Jeżeli komuś zależy głównie na aparacie a nie funkcjonalności, i ma pieniądze to polecam. (Ja bym nie kupił, dla mnie za drogo).;;funkcjonalność ;6;1;2016-07-28 20:04:57;
3775474;jkjarek;2/5;false;Największymi zaletami tego telefonu są wydajność (antutu 129000), jasny wyświetlacz, doby aparat, bateria wreszcie wytrzymuje mi cały dzień a ładowanie połowy baterii zajmuje 30 minut przy ładowarce 2A. Wady: codzienne wieszanie się różnych aplikacji, czytnik linii papilarnych działa aczkolwiek przykładać trzeba kilkukrotnie. Funkcjonalność wymaga przyzwyczajenia. Wiele rzeczy wydaje się łatwiejsze, lecz obsługa większości wydaje się nieprzemyślana np budzik, latarka, galeria zdjęć (np przenoszenie 100 zdjęć do innego folderu trwa ponad minutę w 4 letnim telefonie trwała kilkanaście sekund). Największą wadą tego telefonu jest trwałość a mianowicie jej brak. O ile inne telefony wytrzymały mi setki upadków, ten wytrzymał tylko jeden. Jak każdy podaje telefon jest śliski (niby głupota gdyż są etui). Mojemu nie pomogło nawet etui wystające 1mm nad ekranem. Gorilla Glass 4 reklamowany jak kuloodporny samochód tak naprawdę ma trwałość do pierwszego upadku. Poprzedni telefon z Corning Gorilla Glass pierwszej generacji wytrzymał 4 lata pracy. O ile dźwięk rozmowy przy górnej słuchawce jest bardzo dobry o tyle dźwięk na słuchawkach tylko przeciętny.;;stabilność ;11;1;2016-06-08 11:37:29;
3638558;Użytkownik Ceneo;0,5/5;false;Czekałem na niego od długiego czasu (odpuściłem S6 z kilku względów) bo świetnie się zapowiadał, ale teraz jestem niezadowolony... Telefon fantastyczny ... gdy działa. Niestety zawiesza się po kilka razy na dzień (nie da się przywrócić wygaszonego ekranu). Żeby go obudzić trzeba resetować. To powoduje, że telefon jest bezużyteczny bo nigdy nie wiesz czy ludzie się do Ciebie dodzwonią czy nie, albo czy alarm obudzi Cię rano czy nie, itd... Mam nadzieję, że to "tylko" problem z oprogramowaniem i jakaś aktualizacja go wkrótce rozwiąże. Jeśli miałbym coś sugerować, to chyba wstrzymanie się na jakiś czas z zakupem.;funkcjonalność ;;28;25;2016-03-13 00:51:15;
3640664;vooyoo;4/5;true;Kupiłem w przedsprzedaży wraz z Oculus VR. Póki co wszystko działa i mnie akurat nic się nie zawiesza. Telefon śmiga aż miło. Po zmianie z S4 jednak jakiejś kosmicznej rewolucji nie odczuwam. Ot taka S4 w wersji premium za kupę kasy :) Jeśli chodzi o okulary to mam wrażenie że to jeszcze raczkuje. Mało materiałów w sklepie Oculus. Wideo stream u mnie w rozczarowujaco słabej rozdzielczości (łącze wifi 60Mb). Pomijając jednak ten gadżet którego pewnie bym i tak nie kupił gdyby nie był dodany do telefonu w cenie zakupu, sam telefon spełnia swoją funkcję bez problemów.;funkcjonalność ;;8;6;2016-03-14 19:32:34;
4658454;PiksoKN;4,5/5;true;Telefon posiadam od pół roku. Praca na baterii przyjemna, bez włączonego oszczędzania do 22h na Baterii oraz 4-5 h na Ekranie. W końcu nie muszę używać PowerBanka w ciągu dnia. To, że nie trzyma 2 dni mnie nie obchodzi, bo co mi szkodzi podłączyć go na noc do ładowania. Telefon nie zacina się i chodzi płynnie. Aparat jest rewelacyjny, zdjęcia są genialne nawet w nocy. Stabilizacja w Aparacie jest niezawodna. Działanie czytnika linii papilarnych jest błyskawiczne. Nigdy się nie zawiodłem. Ciężko jest kupić dobre szkło, które nie będzie po bokach odchodzić, przez zastosowane w telefonie szkło 2.5D. Głośnik jest dobry, słucham czasami na nim muzyki. Jeśli chodzi o wady? Są dwie: Rysujący się skaner linii papilarnych, rysująca się plastikowa płytka zakrywająca lampę błyskową oraz pulsometr.;;rysujący się czytnik linii papilarnych, rysująca się osłona lampy błyskowej, rysująca się osłona pulsometru ;0;0;2017-05-12 14:33:05;
3932968;Grzegorz;5/5;true;Użytkuję od kwietnia 2016. Właściwie bez uwag. Nie jestem i nigdy nie byłem fanem Samsunga, ale co tu dużo mówić - sprzęt jest świetny. Dzwoni, aplikacje działają jak trzeba i bardzo szybko, nie zawiesił się ani razu. Aparat nie jest dobry - jest REWELACYJNY. Nie mam słów, żeby to opisać. Zdjęcia w nocy wychodzą tak dobrze, że odstawiłem do szafy hybrydy Fuji i Panasonica. Dla mnie amatora, robiącego fotki na wczasach i fotki rodzinne to znakomity aparat i lepszego mi nie trzeba. Ostrość i praca w słabym świetle wyśmienita - to podstawa mojej oceny jakości aparatu, bo dużo zdjęć robię w pomieszczeniach przy sztucznym świetle bez lampy lub wieczorem przy słabym oświetleniu. Do telefonu można dokupić gogle 3D - gadżet. Mam do dostałem to z telefonem. Działa to ładnie i zabawa w 3D robi wrażenie. Jakość wykonania telefonu bardzo dobra i na nic nie narzekam. Samsung daje mi bez dopłat bardzo ważne dla mnie funkcje zdrowotne jako aplikacje - pomiar pulsu, poziomu stresu i co bardzo ważne dla mnie - telefon ma wbudowany pulsoksymetr do pomiaru SpO2. Dużo korzystam z tych funkcji i na pewno już nie kupię smartfona bez tego. Dla młodych ludzi pewnie to zupełna egzotyka, ale dla mnie bardzo ważna i przydatna rzecz. Telefon można ładować bezprzewodowo - to już chyba standard w smartfonach i działa to bardzo dobrze.;;;4;0;2016-09-08 15:56:39;
3802087;QArt;4,5/5;true;Telefon zastąpił mi wcześniejszy model - S4. Różnica jest odczuwalna przede wszystkim w kwestii wielkości całego urządzenia (odrobinę za duży, jak na moją dłoń), jasności wyświetlacza oraz jakości obrazu. Początkowo telefon miał bardzo wolny czas reakcji albo w ogóle nie reagował (dotyczyło to ekranu blokady, aparatu oraz niektórych aplikacji). Po kilku dniach wszystko się zaktualizowało i jest już OK. Wszystko śmiga, jak należy. Bateria trzyma przyzwoicie, choć do czasów Nokii 3310 jeszcze nie udało się wrócić... ;) Zdecydowanie POLECAM ten produkt!;funkcjonalność stabilność ;czasami się zawiesza na kilka sekund ;5;0;2016-06-29 22:46:12;
4926582;Dewiks;4/5;true;s7 nie jest tak cudowny jak go malują i jednak posiada parę minusów, 1.usunięcie podczerwienie, nie rozumiem tego kroku, jest to krok w tyl i pokazanie środkowego palca tym co nie mają sprzętu z wifi bądź bluetooth 2. plastikowy przycisk home, kiedy wszyscy już montowali szklane samsung oczywiście zaoszczędzić musiał na przycisku, 3. głośnik, kiedy wszyscy oczekiwali przełomu w tym aspekcie samsung znowu wsadził mono zamiast stereo, od dawna sony htc alcatel i wiele innych już dawno mieli. 4. czytnik biometryczny ukryty pod plastikiem -_- 5. palcowanie się plecków i ekranu 6. strasznie podatny na rysy 7.mały przeskok z s6 Plusy: 1. wygląd super do czasu wyjścia s8 ;) 2. głośnik jak na jeden ok 3.aparat robi czasami takie zdjęcia że zabiera dech 4. wyświetlacz amoled to chyba najlepsze co mamy od samsunga 5. jak na samsunga płynne działanie 6. po aktualizacji plus dla baterii na 1080p jednak w rodzielczości qhd jest słabo 7. topowe wykonanie Lubię produkty Samsunga dlatego te minusy bo oczekiwałem produktu który będzie krokiem do przodu a nie kroczkiem a nawet staniem w miejscu bo to co jest w s7 powinno byc w s6 bo już dawno to było możliwe;wygląd ;;2;0;2017-08-09 02:59:33;
4898992;Noe;5/5;true;Nie jestem za przywiązywaniem się do konkretnej marki, wybieram po prostu to co najbardziej mi odpowiada lub co...mogę, co jest dostępne, itp a najlepiej (wydaje mi się) będzie mi służyło. Wcześniej miałem, LG G3 i byłem bardzo zadowolony ze współpracy z tym telefonem ale zaczął się sypać...czasami brakowało też już trochę szybkości ale było jeeesszcze w miarę ok, nie mniej jednak potrzebowałem na gwałt niezawodnej słuchawki, LG G6 kusił ale cena z polskiej dystrybucji to jakaś paranoja była więc co? No Galaxy S7, S6 jest ok, żona sobie chwali to mi S7 też podpasuje. Przyznam, ciężko trochę było na początku po przesiadce z LG i jego nakładki na androida, ale po kilkunastu dniach...nie jest tak źle, idzie się przyzwyczaić, Galaxy daje radę, nie wiem, może trzeba było kupić LG G6 z jakiś tańszych źródeł niż polska dystrybucja za poniżej 2tys. ale w sumie nie jest tak źle! Czas pracy na baterii jest do dwóch dni (synchro. maila, facebook paręnaście minut, smsy, trochę gadanka, godzinka nawigacji, no w sumie sporo tego a on ma ciągle prąd w baterii, ale mam ustawione parametry ekranu na FHD, zapewne na QHD było by krócej (znam to z LGka) Suma sumarum, fajny telefon, poręczny, wodoodporny (nie testowałem ale miło mieć świadomość że jak by deszcz czy co to ... bez stresu) nawet ładny i najważniejsze: nie zawodny i nie rzuca się w oczy. Porządny i solidny wół roboczy. Nie wiem jak wydajność w grach, nie gram w nic (no może w węża troszkę) ale radzi sobie z nawigacją, uruchomionym aparatem, w tle parę aplikacji do komunikacji internetowej otwartych a on...nic, nawet zadyszki nie widać. Szacun, porządny sprzęt, do Touch wiza czy jak to tam sie nazywa od samsunga idzie się przyzwyczaić. Bynajmniej, polecam!!!;;;1;0;2017-07-30 23:58:50;
4288601;xman1234;5/5;true;Zanim kupiłem Samsung Galaxy S7 32GB zadałem sobie pytanie "jakiego urządzenia oczekuje?". Wcześniej używałem smartfonów Galaxy i doskonale znałem ich zalety i słabe strony. Przede wszystkim oczekiwałem urządzenia niezawodnego, gotowego to sprawnego działania w każdych warunkach i w każdym momencie. Nie zawiodłem się w tej kwestii i uważam, że inżynierom Samsunga udało się w końcu poprawić to z czego nie byli zadowoleni klienci. W efekcie otrzymałem bardzo wydajne urządzenie z rewelacyjnym ekranem, doskonałym aparatem, bardziej pojemną od poprzedniego modelu baterią, slotem na kartę microSD. Ekran jak to u Samsunga robię wrażenie. Szczególnie w trudnych warunkach, przy pełnym słońcu jest zawsze czytelny i bije całą konkurencję. Na pochwałę zasługuje również odporność na zarysowania dzięki Gorilla Glass. Galaxy S7 to smartfon wybitnie fotograficzny. Jakość zdjęć, szczególnie w słabym oświetleniu robi wrażenie biorąc pod uwagę tak małą matrycę. Przy dobrym świetle jakość zdjęć jest znakomita i co ważne aparat działa błyskawicznie. Zarówno uruchamianie jak i łapanie ostrości. To wszystko powoduje, że w kieszeni mam bardzo użyteczny i nowoczesny aparat, który z całą pewnością może zastąpić mniej zaawansowane kompakty. Podobnie jest z jakością filmów. Świetnie spisuje się optyczna stabilizacja, autofocus nadąża nawet przy szybkiej akcji a jakość obrazu, szczegółowość jest na bardzo wysokim poziomie. Jest jeszcze coś co wyróżnia aparat w S7 czyli świetne oprogramowanie i tryb zaawansowany, który przydaje się wszystkim użytkownikom z zacięciem do fotografowania. Bardzo jasny obiektyw i większy rozmiar pikseli w matrycy przyczyniły się na lepszą jakość zdjęć robionych słabym oświetleniu czyli praktycznie zawsze w pomieszczeniach. Od kiedy mam Galaxy S7 to większość codziennych zdjęć wykonuje flagowcem Samsunga a lustrzankę zabieram tylko kiedy potrzebuje najwyższej jakości zdjęć lub innych ogniskowych. Aparat w S7 i ekran to nie jedyne mocne punkty tego telefonu. Galaxy S7 posiada wszystkie najnowsze rozwiązania jeśli chodzi o łączność. Szybki modem LTE, NFC i energooszczędny moduł BT, który doskonale sprawdza się w codziennej łączności z inteligentnymi zegarkami. Jeśli chodzi o wydajność i ogólną szybkość działania to również widać poprawę w porównaniu z poprzednikiem. Wszystko chodzi płynnie i szybko a potężna konfiguracja nie zawiodła mnie w żadnej aplikacji ani grze. Oczywiście przy dużym obciążeniu bateria znacznie szybciej domaga się ładowania, ale od czego jest funkcja szybkiego ładowania oraz ładowanie indukcyjnego. Szczególnie ten drugi rodzaj ładowanie bardzo przypadł mi do gustu a ładowarka indykcyjna jest stałym elementem mojego biurka. W ten sposób telefon jest ciągle ładowany i choć najnowsze modele Galaxy posiadają tryb bardzo małego zużycia, to w praktyce nigdy nie musiałem z niego korzystać. Pomijając wszelkie benchmarki, wykresy i mało mówiące przeciętnemu użytkownikowi liczby to mogę śmiało polecić S7. Samsung stworzył telefon kompletny nie zapominając o wyglądzie, dobrych materiałach a mocna konfiguracja oraz doskonały aparat i ekran sprawiają, że jego użytkowanie to czysta przyjemność.;;;1;0;2016-12-15 15:21:45;
4280055;mariusz.cygan;5/5;true;Telefon świetny. Moja żona ma s5 i mam do czego przyrównać. S5 nadal świetnie działa, ale tu widać innowacje - 8 rdzeni daje o sobie znać. Telefon działa cały czas szybko. Aparat rewelacyjny (robie zdjęcia 2,5 latkowi w plenerze jak nie zabiorę rx100). Odchudzony touchwiz działa naprawdę lepiej - już nie zamula po jakimś czasie. Z fajnych smaczków - włączanie aparatu przez dwukrotne naciśnięcia przycisku home, możliwość przypisania dzwonka sms do konkretnej osoby, podgląd WSZYSTKICH zdjęć z mms w danej kowersacji (ileż to razy przwijałem tone sms/mms aby odszukać jakieś zdjęcie z numerem telefonu). Ogólnie polecam.;;;1;0;2016-12-12 11:08:13;
4233267;Użytkownik Ceneo;5/5;true;Polecam, bardzo szybki telefon ze świetnym wyświetlaczem i aparatem. Dodatkowo z zalet: ma bardzo dobrego GPSa, jest gotowy do działania ~3 sekundy po włączeniu nawigacji, a moje poprzednie telefony miały z tym problem. Preinstalowane aplikację są dość przydatne, m.in, pakiet Microsoft Office (*****, Excel, PowerPoint, OneNote), a niechciane aplikację można wyłączyć. Szklana obudowa ma jednak i zalety i wady, ładnie wygląda, nic nie skrzypi ani się nie wygina, ale bardzo mocno przyciąga odciski palców, szczególnie z tyłu, nawet po kilku minutach użytkowania tylna obudowa może być cała w odciskach. Również powstają na niej mikrorysy, nie są one widoczne przy normalnym użytkowaniu, ale jak ktoś się postara to je zobaczy. Co do baterii - źle nie jest, ale mogłoby być lepiej, przy niskim poziomie użytkowania telefonu jest w stanie wytrzymać 2, 3 dni, granie w bardzo wymagające gry rozładuje telefon nawet w kilka godzin. Przy typowym użytkowaniu telefonu baterii wystarcza na 1 - 1.5 dnia;;;1;0;2016-11-25 12:55:37;
4245882;Burzyk;1/5;false;Kupiłem zaraz po premierze SGS 7 edge z przedłużoną gwarancją guard s7 w gratisie - na początku byłem bardzo zadowolony, niestety tylko przez 3 miesiące... Po tym czasie uległ awarii wyświetlacz (kolorowe pasy na całej powierzchni), po ponad 2 tygodniach czekania na odpowiedź z serwisu zażądałem wymiany urządzenia na nowe, sprzedawca zrobił to bez zwłoki i wtedy zaczęły się schody... Wcześniej prosiłem samsunga o informację czy będą w stanie przenieść ubezpieczenie na nowe urządzenie jeśli zostanie ono wymienione, w odpowiedzi zostałem poproszony o przesłanie dokumentów (faktura za stary telefon i faktura za nowy wymieniony przez sprzedawcę + certyfikat guard 7 który otrzymałem) po ponad 3 miesiącach wymiany maili i odpowiedziach ze strony samsunga w stylu "prosimy o cierpliwość, wyjaśniamy sprawę..." zostałem poinformowany, że telefon nie został wymieniony przez serwis tylko przez sprzedawcę i dodatkowa ochrona guard 7 przepadła! Ogólnie - telefon całkiem ciekawy, drogi, ale cieszący użytkownika - niestety jeśli chodzi o obsługę klienta to samsung jest najgorszym pod tym względem producentem! Jeśli zależy wam na JAKIEJKOLWIEK obsłudze klienta to radzę samsunga omijać szerokim łukiem! Ja już nie dam się więcej nabrać - tym razem wybiorę firmę, która szanuje klienta i zależy jej na przywiązaniu go do własnej marki. Samsungowi zależy tylko na wyciągnięciu od klienta kasy, a reszta to już nie ich sprawa...;;;2;1;2016-11-30 10:04:29;
6443503;Kusza;5/5;true;Mam go w wersji koloru złotego. Mam juz go ponad rok, nawet nie myślę nad zmianą telefonu jest wprost bajeczny, zawsze chcialam moec iPhone ale gdy juz go mam nawet o tym nie myślałam, działa szybko bez zacięć i majac ok. 4000 zdjęć na galerii i mnóstwo aplikacji dalej mam pamięć na kolejne zdjęcia, pliki, aplikacje i dokumenty. W kwestii designu tez nie grzeszy. Szklany tył jest bardzo ładny a przod mi sie wogóle nie rysuje. Spadł mi kilka razy bez etui jak i z - pezy jednym upadku złamała się kamerka i to tyle, chociaz i tak to troche dużo ale i tak jakość jest taka sama jak była. Co do jakości tez jest jak z bajki. Porównując zdjecia zrobione nim do modeli z tamyego roku to naprawde wielki WOW, tak jak moja ocena telefonu. Naprawde szczerze polecam bo teraz nie jest wcale taki drogi porownujac go do innych, nkeco gorszych telefonów. Kupiłam go i nke żałuję, podejrzewam że nastepny tez bedzie z tej firmy.;;;0;0;2018-01-06 14:50:57;
6303617;Joanna;4,5/5;true;Galaxy S7 to telefon, który posiadam już ponad rok. Przez cały okres użytkowania nie miałam z nim najmniejszego problemu! Bateria wytrzymuje tyle co nowa, niewielkie ścinki się zdarzają, ale nie wpływają one negatywnie na użytkowanie telefonu. Jakość zdjęć jest fenomenalna (nawet w słabym świetle). Do zalet można również zaliczyć szybki czytnik linii papilarnych i wytrzymałość! Nieraz zdarzyło mi się go upuścić i pomimo braku szkła hartowanego ekran nadal jest w stanie idealnym. Tył telefonu dosyć szybko się brudzi (odciski palców), ale można temu zaradzić kupując dedykowane do niego obudowy. Generalnie telefon jest warty polecenia!;czas pracy na baterii funkcjonalność latwosc obslugi ładnie zdjecia stabilność wygląd ;;0;0;2017-12-06 21:34:07;
6258755;Aleksandrii043;5/5;true;Samsung S7 jest świetny w każdej cali. Świetny ma aparat przedni jak i tylni, robi niesamowite i bardzo wyraźne zdjęcia. Polecam każdemu ten telefon, będzie mi służył na długie lata. Nie mam zamiaru zmieniać na inny, jest dla mnie idealny. Szybko się ładuje, bateria jest wytrzymała na długie godziny. Pracuje bez zarzutów, system jest bardzo szybki a pamięć jest doskonała, jak na osobę, która robi dużo zdjęć i uwielbia słuchać muzyki. Cena jest odpowiednia jak na ten model telefonu. Telefon super wygląda, jest lekki, ale w obawie przed tym że może się zarysować lub coś podobnego lepiej kupić etui do tego modelu. Nie mam żadnych zastrzeżeń co do tego telefonu.;czas pracy na baterii funkcjonalność wygląd ;;0;0;2017-11-27 19:36:43;
6242955;Milena;5/5;true;Samsung Galaxy S7 to zdecydowanie mój smartfonowy faworyt!!! Jest zgrabny, lekki, wygodny w użytkowaniu, a co najważniejsze dla mnie - posiada jasną przysłonę obiektywu, dzięki czemu robi naprawdę dobre zdjęcia w niezłej jak na smartfon jakości. Aparat sprawdza się również w złych warunkach oświetleniowych, np. na koncertach, dzięki manualnemu ustawianiu czasu oraz wartości ISO można tworzyć ciekawe obrazy bez prześwietleń. Jako fotografa, zaskoczyła mnie i usatysfakcjonowała mnie możliwość zapisywania zdjęć w RAW'ach, a dokładniej z rozszerzeniem DNG, dzięki temu można osiągać jeszcze lepsze rezultaty na fotografiach w postprodukcji. Telefon mam od prawie roku i nigdy mi się jeszcze nie zawiesił, mimo ciągłego użytkowania. Co ciekawe - bateria wystarcza mi nieraz na bardzo długo (2, 3 dni a to jak na smartfon z tyloma aplikacjami naprawdę długo), a sam czas ładowania baterii jest krótki (ok. 40min przy ładowarce z funkcją szybkiego ładowania). Kolejną zaletą jest dobra głośność telefonu, bo z poprzednimi telefonami często miewałam problemy z rozmowami w trakcie jazdy w zaludnionych tramwajach i autobusach. Tak naprawdę, nie mam się do czego przyczepić i mogłabym po kolei opisywać kolejne funkcje telefonu, a nie jestem w stanie wymienić ich z pamięci. Dla mnie najważniejsze, aby telefon miał dobrą głośność, dobrą jakość podczas słuchania muzyki, mega jasny obiektyw i szybki autofokus do zdjęć oraz manualne ustawienia ekspozycji, niezbędne aplikacje na START, nie zacinał się, by nie rozładowywał się co chwilę i miał domyślne menu - a ten model to wszystko ma i nie zamieniłabym go na żaden inny. Długo zabierałam się do zakupu a teraz jeszcze dłużej nie będę chciała się go pozbywać, chyba że na wyższy model w przyszłości :D;czas pracy na baterii funkcjonalność latwosc obslugi stabilność wygląd ;rysująca się osłona pulsometru rysujący się czytnik linii papilarnych ;0;0;2017-11-22 22:47:20;
4441519;Adi;3/5;null;Witam, mój egzemplarz zakupiony w MediaMarkt zepsuł się po 3 miesiącach sporadycznego użytkowania. Wymieniona płyta główna, przy okazji serwis z Piasecznie uszkodził telefon. Rysa z przodu i wydrapana farba z tyłu pod szkłem, Samo szkło jako tył telefonu jest niesamowicie kiepskim pomysłem. Zawsze brudne. Tutaj przynajmniej lepiej leży w dłoni niż płaski Galaxy S6, który miałem wcześniej i fabrycznie strasznie latał przycisk Home pod ekranem. Podsumowując Samsung ma dobre pomysły ale wykonanie już pozostawia wiele do życzenia, telefony tej marki często są wadliwe fabrycznie. To jest przynajmniej dziwne jeśli mówimy o flagowcach za 3000 zł. Ja kolejnego Samsunga nie kupię, Na obrazku i recenzji na youtubie wyglądają super a przy bliższym poznaniu bardzo tracą...;;;0;0;2017-02-18 23:39:27;
4471945;Karol;3,5/5;null;Po 5 tygodniach korzystania jestem mocno rozczarowany tym telefonem. Liczyłem na to, że będzie wyraźnie lepszy od Nexusa 5, którego miałem wcześniej. Niestety telefon znacznie gorzej leży w dłoni, jest wyraźnie cięższy i łatwo go upuścić. Bateria ledwo starcza na cały dzień, podczas gdy w Nexusie ten problem pojawił się dopiero po 2 latach. Co prawda działa nieco szybciej, ale różnica jest bardzo niewielka. Oprogramowanie Samsunga też jest znacznie gorsze od czystego Androida, mnóstwo niepotrzbnych funkcji warto sobie wyłączyć, niestety aktualizacje systemu pojawiają się z dużym opóźnieniem.;;;0;0;2017-03-04 10:11:30;
4468311;Lubie hrubie i chelm;5/5;true;Telefon o dobrej jakości. Poprzednio przez ponad 3 lata używałem niezawodnego Note 3. S7 nie daje takiego efektu wow jak note 3. Oczywiście jest wydajniejszy, ale odczucie jak przy kupnie note 3 jest umiarkowane. Lepiej leży w dłoni. Telefon używam zawsze w pokrowcu więc się nie wypowiem na temat atrakcyjności wizualnej. Używam supcase którego polecam! Smartfon kupiłem w sieci media Expert w promocji w cenie 2297 i uważam że w takiej cenie opłaca się kupić telefon. Telefon robi dobre zdjęcia. Posiada jasną przysłonę. POLECAM;funkcjonalność ;;0;0;2017-03-02 17:44:56;
4502096;bizonn;1/5;false;Użytkuję ten model od czerwca zeszłego roku. Mam problem z bluetooth! Aparat trzykrotnie był w serwisie i dalej występują problemy! Usterka polega na tym, że aparat łączy się z samochodem, mogę słuchać muzyki, ale jest problem z rozmowami telefonicznymi (mogę je odebrać i wykonać połączenie za pośrednictwem auta, ale nic nie słychać i mnie też) - testowane w kilku samochodach: Opel Insignia, Peugeot Boxer, Citroën Jumpy oraz VW Crafter. Pierwsza wizyta w serwisie - wgranie nowego oprogramowania (na poczekaniu - ok. 50 minut). Przyniosła efekt na dwa / trzy razy korzystania auta z telefonem. Druga wizyta: telefon zostawiony w serwisie na ok. 14 dni (bez aparatu zastępczego!). Ponownie aparat działa w aucie kilkakrotnie, następnie usterka pojawia się i po połączeniu nic nie słychać. Kolejna wizyta w serwisie! Naprawa trwa ok. 30 dni, również bez aparatu zastępczego. Usterka znowu się pojawiła. Ponadto w aparacie raz sam włącza się bluetooth i łączy się z autem, raz nie oraz traci sygnał GPS. Po połączeniu z autem loteria - raz działa raz nie. Zrezygnowałem już z próby naprawienia, bo nie chcę zostać znowu miesiąc bez telefonu. Rozmawiam przez słuchawki jak z telefonami z marketu, a nie słuchawki za ok. 2500 pln! Nie polecam!!! Ostatni mój model Samsunga jaki kiedykolwiek kupiłem!!!;;;0;0;2017-03-17 21:25:36;
3703458;Tomek Muchomorski;1/5;false;samsung,wstyd od 10 lat daje tandetne paskudne staromodne ohydne przyciski pod ekranem home , cofnij itp. żenada wciskany klawisz tandeta co wyrabia się po miesiącu odstaje rusza się, dziś tylko nowoczesne ekranowe ikonki home itp. a nie tandeta wciskany przycisk dawać totalne paskudztwo, wduszany klawisz wstyd samsung, do tego najgorsza obsługa klienta kpina z klienta pseudo salony firmowe,brand store udające sklepy prowadzone przez prywatnych handlarzy oklejone logiem samsunga, na infolinii nawet mówili że to prywatne sklepy , brak kontaktu z samsung Polska , pochowali się cwaniaki żadnego numeru telefonu do siedziby w Warszawie wstyd tak traktuje się polaka klienta jak śmiecia jak odpad, działa tylko nędzna infolinia gdzie nic nie wiedzą, cwaniak rzecznik prasowy samsunga nie odpisuje na maile unika kontaktu oto samsung polska najgorsze dno dla klienta paru cwaniaków gnije na posadkach i ma gdzieś klienta frajera darmo nie chcę tych telefonów omijać z daleka;;cena idiotycznie wysoka ;9;37;2016-04-20 10:32:42;
4450415;Anna;2/5;false;Co za szajs!! Właśnie się zepsuł-po 2 m-cach używania. Po miesiącu zaczął się zawieszać, później było coraz lepiej.. Zmiana oprogramowania pomogła na ok 2 tygodnie. Pierwszy raz jak się zawiesił... wisiał z godzinę później zaczął się włączać i wyłączać. Wieszał się coraz częściej, ciągłe resetowanie... i w końcu koniec.. Podczas rozmowy gasło wszystko. Klienci dzwonili a na wyświetlaczu nic.. Sama sprawdzałam, sygnał był telefon nie dzwonił;/ Mój poprzedni tel. ani razu się nie zawiesił a ten niby flagowiec pobił wszystko.. Nie polecam.;;;0;0;2017-02-22 20:19:06;
4236738;Użytkownik Ceneo;4/5;true;Telefon posiadam około 2 miesięcy. Poprzedni telefon to Galaxy S5. Wielkiego przełomu nie ma. Lepszy aparat, brak zaślepki portu usb, wygląd na duży plus, trochę szybszy. Na minus: strasznie budzący się tył aparatu, brak samodzielnej możliwości wymiany baterii, dużo za wysoka cena. Posiadam jeszcze Galaxy A5 i mogę stwierdzić że to jest telefon w idealnym stosunku jakość/cena( kosztuje około 1000 zł). S7 jest trochę lepszy od A5 a trzy razy droższy. Gdyby kosztował 2000 to mógłbym śmiało polecić.;;;1;0;2016-11-26 21:38:10;
4521460;Marcin;3,5/5;null;Telefon, to o co mi chodziło, za poleceniem sprzedawcy dokupiłem szkło hartowane dedykowane do s7 , szkło porażka nie polecam nikomu, nie mam pretensji do sprzedawcy bo to nowość, odstaje od wyświetlacza i przy naciśnięciu słychać klik, dotyk nie dziala poprawnie, po prosty beznadzieja, produkt zły nie do polecenia co nie można powiedzieć o sklepie. Godny polecenia i na pewno skorzystam jeszcze nie raz.;;;0;0;2017-03-25 12:26:31;
4831336;Hakuś;5/5;true;Telefon dla wymagających, daje radę z wieloma aplikacjami w tle. Bez problemu i płynnie przełącza. Gry chodzą bez problemu. Dobre narzędzie do pracy. Aparat świetny, ekran żyleta. Przeszkadza mi wolno działający skaner odcisków palców i że nie jest aktywny oraz dosyć krótko trzyma mi na baterii, spodziewałem się lepszych rezultatów, ale z drugiej strony wyciskam z niego 100%, więc można to zrozumieć. Na szczęście jest szybkie ładowanie. Polecam ten smartphone.;funkcjonalność ;;0;0;2017-07-08 09:09:47;
6243104;PiotrZ;5/5;true;Galaxy S7 ma bardzo dobry aparat, zdjęcia w dzień wychodzą rewelacyjnie, bateria trzyma prawie 2 dni przy umiarkowanym użytkowaniu. Jakość rozmów na bardzo dobrym poziomie, zasięg trzyma dobrze. S7 potrafi się czasami lekko przywiesić, ale na szczęście nie zdarza się to często. Jakość wykonania na wysokim poziomie, jednak tył obudowy dość śliski, polecam zakup etui. Niestety cena nadal zbyt wysoka. Ogólnie polecam, bardzo porządny smartfon.;czas pracy na baterii funkcjonalność latwosc obslugi wygląd ;brak wbudowanego radia fm cena idiotycznie wysoka czasami się zawiesza na kilka sekund rysujący się czytnik linii papilarnych ;0;0;2017-11-22 23:14:53;
4600352;gdzei taniej;3/5;null;Hej, widzę że akurat rozmawiacie o Samsungu Galaxy S7. NA yt mam kanał więc jeśli wybaczycie to zareklamuję się hamsko (ponieważ dopiero na YT raczkuję) ale może kogoś to zaciekawi - sprawdzam gdzie taniej kupić… np właśnie jeden z moich ostatnich filmików jest o tym telefonie. poprostu zerknijcie, nie musicie w sumie zostawiac po sobie sladu ale byloby milo ;p Gdzie taniej (nazwa) . Zerknijcie tez na inne filmiki. Przepraszam za głos i dzwięk. pracuję nad tym :P;;;0;0;2017-04-24 19:37:15;
6416712;Adam;5/5;true;Najlepsze w tym modelu są wykonywane zdjęcia. Precyzyjny i dobry aparat sprawia, że uwiecznione zostają najważniejsze momenty. Świetnie radzi sobie ze zdjęciami zarówno w ciągu dnia jak i nocą. Ponadto wygląd zewnętrzny jest stylowy, ekskluzywny a ekran mocny(po dwóch upadkach nadal jest cały). Lekki, praktyczny, szybki. Ma wiele fajnych aplikacji i funkcji. Jak dla mnie? Doskonały ! Łatwy w obsłudze, choć drogi to jednak za taką funkcjonalność warto zapłacić.;czas pracy na baterii funkcjonalność latwosc obslugi ładnie zdjecia stabilność wygląd ;;0;0;2017-12-30 23:03:30;
4437322;Arek;5/5;true;Smartfon jest rewelacyjny. Śmiga aż miło. Do największych jego wad należy m.in. aluminiowa ramka. Po upadku na twarde podłoże bokiem, pojawiają się " odpryski". Mam już ich kilka w swoim telefonie, więc lepiej uważać bo s7 jest bardzo śliski. Druga wada to ramka okalająca aparat. Jest tak tandetna że schodzi na niej lakier, moim zdaniem powinna być metalowa jak w innych samsungach np. galaxy a5 2016 Więcej wad s7 nie posiada moim zdaniem. Jest piękny;;;1;0;2017-02-16 21:04:59;
3908108;Aquaplay;5/5;true;Telefon posiada rewelacyjny ekran, dobrze leży w ręce ( chociaż polecam kupno etui, ponieważ tył bardzo się palcuje i dosyć szybko rysuje). S7 jest okropnie szybki, reaguje od razu. Aparat robi wrażenie, według mnie robi dużo lepsze zdjęcia niż mój poprzedni Sony Z1. Bateria wytrzymuje około 1 dnia.;funkcjonalność ;;6;1;2016-08-28 14:13:45;
5023732;Kishida;2,5/5;false;Mam go ponad rok. Może parę razy coś mi się zawiesiło, natomiast boli bateria i "nieporysowalny" gorilla glass. Nie gram w gry, nie korzystam z zżerających API, a bateria wydaje się, że szybko pada jej żywotność po roku użytkowania Gorilla glass, którą niby może porysować jedynie papier ścierny to bujda. Mam 2 widoczne rysy, i parę mniejszych, mniej rzucających się w oczy. Nic szorstkiego nigdy do niego nie przykładałem. Za takie pieniądze (rok temu kosztował 2500-2700), trochę telefon rozczarowuje.;funkcjonalność wygląd ;czas pracy na baterii ;0;2;2017-09-09 13:42:09;
4255472;Użytkownik Ceneo;2,5/5;false;Niestety jak na swiatowe standdardy cena telefonu przerasta jego funkcjonalność oczywiscie ma prosty całkiem niebrydki dizjan, ale wygląd samsungowo androidowego interfejsu jest conajmniej nieestetyczny. Aparat w porównaniu do nowego iphone'a także wypada blado. Telefon pozostawia wiele do życzenia, brak nowych funckji. W mojej opini również można znaleźć wiele innych bardziej ekonomicznych telefonów, nawet tej samej firrmy.;;;1;0;2016-12-04 12:13:32;
4419944;Użytkownik Ceneo;5/5;true;Telefon rewelacja. Nie żałuję wydanych pieniędzy. Mieszkam w miejscu oddalonym od cywilizacji i poprzednie telefony bardzo słabo łapały zasięg. Galaxy robi to świetnie, uwierzcie, nie mam problemu z zasięgiem jestem mega zaskoczona. Dodatkowo jakość obrazu, robionych zdjęć jest cudowna. Zdjęcia są przejrzyste i wyraźne. Ma dużą pamięć więc spokojnie mieszczę moją ulubioną muzyczkę. Telefon ma wszystko co potrzeba. Zachęcam!;;;1;0;2017-02-10 07:43:40;
3878968;robson82;4,5/5;true;Ogólnie w porządku choć zawsze może być lepiej. Jest to mój pierwszy samsung do tej pory używałem produktów HTC i LG. Na plus wodoodporność, dość stabilne oprogramowanie, choć potrafi przymulić np w wiadomościach, na plus również można zaliczyć aparat fotograficzny który robi naprawdę całkiem fajne fotki. Minus to brak radia FM choć brak radia powoli staję się standardem w wielu markach.;funkcjonalność ;;2;2;2016-08-12 10:13:20;
3826096;Użytkownik Ceneo;5/5;true;telefon jest fenomenalny nie ma sie do czego przyczepić może poza tym że plecki urządzenia bardzo sie palcują ale przeciez zawsze można skorzystać z etui poza tym bateria świetna aparat robi bardzo przyzwoite zdjęcia jest bardzo funkcjonalny można powiedzieć że jako następca galaktycznej s6 spełnia się bardzo dobrze pamięć ram jak i inne parametry są znakomite GORĄCO TEN TELEFON POLECAM;funkcjonalność ;;1;1;2016-07-15 19:27:32;
4925203;As;4/5;true;Trochę brakuje wiadomości które miałem w telefonie Microsoft ale wszystko poza tym działa po stokroć lepiej! Czasem denerwuje że się szybko ściemnia ekran zanim zacznę przeczytać coś w telefonie - w Microsofcie "jasność" panowała dłużej ale ogólnie tamten telefon był znacznie we wszystkim wolniejszy.;latwosc obslugi stabilność wygląd ;czas pracy na baterii funkcjonalność ;0;0;2017-08-08 16:20:07;
6307103;Rafał;4,5/5;true;Świetny telefon. Czas na baterii przyzwoity - bajeczne kolory wyświetlacza, cudny aparat o bardzo dobrej jasności obiektywu. Jedna Wada - rysujące się szkiełko :( Nie miałem tego w GS4...GS7 niby super nowy typ Gorilla Glass a tu psikus i ryski od pierwszych dni używania :/ Nie ma ideałów - a rysy są tak minimalne że nie przeszkadzają nijak w używaniu więc można z tym żyć :) POLECAM serdecznie!;czas pracy na baterii funkcjonalność wygląd ;;0;0;2017-12-07 14:43:33;
4817480;Krzysztof;5/5;true;Sprzęt najwyższej klasy. Super Aparat. Bajeczny ekran, odzwierciedlania kolorów jak w realu. Mega dużo opcji które spodobają się najbardziej wymagającemu użytkownikowi. Bateria przy normalnym uzytkowaniu przekrocza mi 3 dni. Gorąco Polecam ponieważ sam kupił bym go na pewno drugi raz bez zawahania.;;;0;0;2017-07-04 18:40:17;
6227267;cinus;4,5/5;true;Z telefonu jestem generalnie bardzo zadowolony... chociaż parę uwag mam. Po niecałym roku intensywnego użytkowania bateria pozostawia wiele do życzenia. Nie wiem szczerze po co komu FHD w telefonie, ale to kwestia gustu. Ja tam pikseli nie widzę. Za to ładowanie indukcyjne to świetna sprawa i telefonu bez tej opcji już nie chcę. Aaa- gorilla glass to *****. Cały ekran mam porysowany...;;;0;0;2017-11-18 21:04:58;
4278812;Ambasador marki Samsung;5/5;true;Samsung Galaxy S7, to telefon dla najbardziej wymagających. Jest wyposażony w wysokiej klasy aparat, którym spokojnie można zastąpić kompakt. Wykonamy nim zdjęcia wysokiej jakości w każdych warunkach oświetleniowych. Wysokiej jakości materiały z jakich został wykonany telefon sprawiają, że jest bardzo odporny na uszkodzenia. Dodatkową zaletą jest to, że smartfon jest wodoszczelny;;;1;0;2016-12-11 20:39:23;
4293801;Kamil;5/5;true;Telefon jest bardzo solidnie wykonany. Aparat wysokiej klasy, robi bardzo jasne zdjęcia. Głośnik słuchawki telefonu jest dość głośny i nie ma problemu z usłyszeniem rozmówcy nawet w hałaśliwym otoczeniu (taki problem występuje niestety w telefonach konkurencji m.in iPhone 6);;;2;0;2016-12-18 12:59:35;
3740746;Użytkownik Ceneo;5/5;true;Polecam, najbardziej zadowolony jestem z jakości zdjęć robionych tym maleństwem. Spokojnie można zrezygnować z noszenia kompaktu przy sobie. Bateria OK. Jakoś rozmów i zasięg, również. Warto.;funkcjonalność ;;18;12;2016-05-12 19:01:02;
6401260;MateuszDe91;5/5;true;Od momentu wydania kultowego już modelu Galaxy S4, siódemka zdecydowanie wpisuje się na listę bestsellerów. Przeskok technologiczny jak i płynność działania w tak niewielkim urządzeniu wręcz zadziwia. Zgrabny,nie rzucający się w oczy i o czym warto wspomnieć wydajny. Zdecydowanie polecam ten model osobom ceniacym komfort użytkowania oraz wszestronność zastosowania urządzeń;);funkcjonalność latwosc obslugi ładnie zdjecia wygląd ;;0;0;2017-12-27 23:15:13;
4787669;Krzysztof;4,5/5;true;Na szczegółową ocenę przyjdzie jeszcze pewnie czas - na razie konfigurowanie i ogólnie zabawa nowym sprzętem. Telefon jest piękny, dobrze leży w dłoni, bateria naprawdę daje radę (po trwającej pół dnia instalacji aktualizacji i oprogramowania, którego używałem na wcześniejszym smartfonie nadal prawie połowa pojemności naładowania!). Polecam miłośnikom stylowego sprzętu.;;;0;0;2017-06-24 09:35:13;
5093506;luniz75;5/5;true;Przeskoczyłem z Samsunga S5 na S7. Bardzo dobry fon,płynnie wszystko pracuje,nie ma lagów itd.Najbardziej mi się podoba czytnik lini papilarnych do odblokowania telefonu.Dobrze i szybko się ładuje bateria i długo też w miarę trzyma.Rozdzielczość ekranu też mnie miło zaskoczyła.Zdjęcia robi porządne,także nie ma się do czego przyczepić.Polecam w 100% ten telefon.;czas pracy na baterii funkcjonalność latwosc obslugi stabilność wygląd ;;0;0;2017-10-03 12:37:33;
4261997;Dawid;5/5;true;Jezeli chodzi o wykonanie obudowy uwazam za bardzo dobre ale niestety jedna mala wada to szyba, wystarczy ze nawet z malej odleglosci spadnie ziemie to juz sie pojawia rysa. Aparat fotograficzny to cos naprawde godne polecenia, zdjecia robi jak z aparatu lustrzanego. Aplikacje sie nie zacinaja, plusem rowniez jest to ze rogi telefonu sa zagiete.;;;1;0;2016-12-06 11:08:43;
5161171;Marcin;5/5;true;Telefon Samsung Galaxy S7 posiadam od ponad roku i mogę go szczerze polecić. Przyjemny design, elegancki i wygodny. Bardzo szybki w obsłudze, nie zawiesza się. Głośniki super! Aparat robi fantastyczne zdjęcia! Jakość wykonania telefonu bardzo dobra. Ekran Samsunga sprawdza się w trudnych warunkach, przy pełnym słońcu jest zawsze czytelny.;czas pracy na baterii funkcjonalność latwosc obslugi wygląd ;;0;0;2017-10-26 11:28:15;
4746277;Maciej;4,5/5;true;Telefon prawie rewelacyjny. Szybki, super ekran, jeszcze lepszy aparat. Jedyny mały mankament, ale to wina egzemplarza (sprawdzałem na innej sztuce), to trochę głośno klikający klawisz menu. Nie wiem jak bateria, to okaże się w praniu.;;;0;0;2017-06-09 23:43:18;
4107453;masztan;5/5;true;Mam go juz kilka miesięcy i jestem zadowolony. Bateria standardowo przy dużym po całym dniu chce aby ja naładować. Gdybym nie używał tak netu i oprogramowania (weź tu nie używaj) to spokojnie 2 dni. Ale szybkie ładowanie powoduje, że ok 1h z hakiem masz full naładowana baterie przy prawie całkowitym rozładowaniu.;;;1;0;2016-10-26 15:02:36;
4414604;Przemek;4/5;true;Przez około 1 miesiąc jak go użytkuje działał znakomicie, wcześniej używałem z3 c był to dobry telefon lecz nie tak szybki jak s7. telefon ma również wady strasznie się palcuje i czasami mi to zdażyło się około 2-5 razy musiałem robić zdjęcia 2 razy bo nie były ostre ale patrząc ogólnie aktualnie za tą cene petarda;;;0;0;2017-02-08 13:25:31;
4428712;Nina;5/5;true;Telefon bardzo ładny i starannie wykonany, stabilnie leży w dłoni. System jest funkcjonalny a menu intuicyjne. Bardzo dobry aparat i wiele przydatnych funkcji i zabawnych dodatków, które urozmaicają zabawę z telefonem.;;;0;0;2017-02-13 22:50:47;
4233676;Mariusz;5/5;true;Telefon z serii Galaxy S ma swoją markę od lat. Chociaż z modelu na model przydałoby się trochę więcej innowacji, nowych funkcji, usprawnień. Gdyby nie to, że zbiła mi się szybka od S6 pewnie bym nie kupił S7.;;;1;1;2016-11-25 15:43:07;
5149228;sdy;4,5/5;true;Miałem pecha zakupiony SG S7 padł ostatniego dnia kiedy mogłem go zwrócić (14 czy 15 dni przy zakupie przez internet). I tutaj WIELKI szacun dla X-Kom, zakup na fakturę i bez problemu uwzględniono zwrot i $$$$ już mam na koncie z powrotem. Dzięki temu zamówiłem właśnie dzisiaj u nic SGS S7 Edge dla odmiany :);czas pracy na baterii funkcjonalność latwosc obslugi wygląd ;stabilność ;0;0;2017-10-23 08:45:55;
4217727;Agnieszka;5/5;true;Najwyższej jakości telefon, jaki dany mi było posiadać i czuć to przy każdym kontakcie z urządzeniem. Przy obecnych warunkach wart swojej, niestety wygórowanej przez napompowany rynek, ceny.;;;0;0;2016-11-20 15:51:08;
3712526;dydyrydy;5/5;true;Telefon rewelacja. Przesiadka z S5, wszystko na plus. Jestem bardzo zadowolony, jak zresztą z każdego poprzedniego Samsunga. Do tej pory nie zauważyłem nic negatywnego, może zbyt krótko trzymająca bateria, ale dla mnie to żaden minus, bo ładowarkę mam zawsze pod ręką. Jednym słowem SUPER sprzęt. Polecam.;;;0;4;2016-04-24 22:27:16;
6233414;Jacek;5/5;true;Używam telefon ok. 1,5 roku i nadal jestem usatysfakcjonowany. Pokuszę się o stwierdzenie, że model ten jest najbardziej udany z całej serii "S". Nie mam nawet ochoty zmienić go na S8. Jedynie bateria mogłaby być większa, nawet kosztem grubości obudowy.;wygląd, funkcjonalność, stabilność ;;0;0;2017-11-21 09:29:19;
3720866;Robert;3,5/5;null;Pogodzenie się z pełną inwigilacją daje obustronne zadowolenie z korzystania ze sprzętu.;funkcjonalność ;;23;20;2016-04-29 12:51:10;
4286026;Ambasador marki Samsung;5/5;true;Galaxy S7 to najwyższej jakości sprzęt. Oprócz całkowicie nowych i przyspieszonych procesorów wykorzystano w jego aparacie opatentowaną przez Samsunga technologię dual pixels. Dzięki niej aparat łapie ostrość tak szybko jak ludzkie oko - żadna chwila nam nie ucieknie!;;;1;0;2016-12-14 14:13:09;
3748364;Qba;5/5;true;Solidny smartfon ze świetnymi osiągami, ale w zdecydowanie zawyżonej cenie.;funkcjonalność stabilność ;;22;13;2016-05-17 16:49:58;
3744091;Jurek;5/5;true;Jeśli masz Galaxy S6 to nie musisz go zmieniać na S7. Jeśli masz starszy telefon to polecam nowego S7. Jest trochę lepszy.;funkcjonalność stabilność ;;9;8;2016-05-14 19:10:21;
4451147;KMO;5/5;true;Wiele już napisano na temat tego modelu Samsunga więc nie będą się powtarzał. Nie razie mam specjalnie odkrywczych uwag. Jest przewidywalny, bez zaskoczenia.;;;0;0;2017-02-23 09:03:39;
3727790;Krystian;0,5/5;false;Działa dokładnie, jak inne samsungi (poprzedni s5 neo), czyli fajnie do około 3 miesięcy, taka prawda i choćbyście mieli (Samsungu) tysiąc osób na etacie do pisania opinii, to i tak użytkownicy nie dadzą Wam żyć na profilu fejsbukowym.;;stabilność ;21;19;2016-05-04 17:52:10;
3724555;Użytkownik Ceneo;5/5;true;Samsung galaxy s7 to jeden z najlepszych smartfonów. Ekran, aparat i dotego samsung nie zostawia jenldną dziesiątą ekranu na przyciski dotykowe. SGS7 jest najwiękrzym konkurentem iPhona 6s i równierz 7. I prosze was nie piszcie głupot o telefonach samsungu i apple.;;;3;5;2016-05-02 10:20:39;
4718428;jjjb;5/5;true;Pierwsze wrażenia po uruchomieniu i wypróbowaniu urządzenia są bardzo dobre. Estetyka i jakość wykonania telefonu budzi szacunek. Zdjęcia i filmy doskonałej jakości. Mam nadzieję, że nic w moich dobrych wrażeniach się nie zmieni przy dalszym użytkowaniu.;;;0;0;2017-06-01 09:11:08;
4307605;Jakub;5/5;true;Telefon posiadam od 2 miesiecy. miałem pewne obawy co do Samsunga, bo ma złą opinię, ale Galaxy S7 to produk warty swojej ceny. Jego główne zalety to na pewno wygląd (polecam kupić w białym kolorze, który mniej zbiera odciski palców), aparat który robi fantastyczne zdjęcia, wyświetlacz najwyższej jakości, który sprawia wrażenie, że trzyma się w ręce telewizor najlepszej jakosci, wodoodpornosc i wydajność. Nie ma tu mowy o zadnej zacince, animacje są płynne. Czytnik linii papilarnych działa dobrze, choć czasem trzeba powtórzyć odczyt. Pulsometr działa bez zarzutu, ale jest do gadżet z którego się nie korzysta raczej. Do wad zaliczyłbym sliskość - trzymając go w ręce ma się wrażenie jakby miał zaraz wypaść, polecam kupić etui. Po drugie - na start dostajemy dużo niepotrzebnych aplikacji, jak np Facebook czy whatsupp, na szczęście można je wyłączyć. Po trzecie niewygodna klawiatura - od razu ściągnąłem ta od Google. Do neutralnych cech zaliczenia baterie - wytrzyma około 4,5 - 5 godzin ciągłej pracy, przy oszczędzaniu wytrzyma dzien. Ogólnie polecam ten telefon, ja jestem zadowolony. W tej cenie nie ma sensu szukać niczego innego. To jest smartfon 2016 roku moim zdaniem.;czasami się zawiesza na kilka sekund funkcjonalność stabilność ;;1;0;2016-12-25 13:50:39;
4271748;Krzysztof;5/5;true;Jest dobrze. Działa płynnie i się nie przycina. Świetny aparat. Zdjęcia robione przy bardzo słabym oświetleniu wychodzą ślicznie.;;;1;0;2016-12-09 07:57:21;
4729622;Wojciech;5/5;true;Super telefon, jedyne do czego można się przyczepić, to czytnik linii papilarnych, ale i tak praktycznie z niego nie korzystam :);;;0;0;2017-06-05 13:53:04;
3927614;Mateusz;5/5;true;Po przesiadce z Galaxy S4 jestem zachwycony. Telefon działa bardzo płynnie a bateria jest miłym zaskoczeniem - starcza spokojnie na cały dzień. Klasa sama w sobie. Jakość zdjęć niebywała!;funkcjonalność ;;1;0;2016-09-06 23:34:18;
4397157;Użytkownik Ceneo;5/5;true;Szybki, intuicyjny. Aktualnie użytkowany prawie 6 tygodni i nie znalazłam wad. Dużym plusem dla mnie jest wodoszczelność.;;;0;0;2017-02-01 20:13:12;
4756065;Wojtek;4,5/5;true;Bardzo fajny telefon z dobrym aparatem i dużą pamięcią. Telefon na przyszłość. Wada jak w tego typu sprzęcie to bateria;;;0;0;2017-06-13 17:11:24;
4774449;U...o;5/5;true;Wszystko ok. Gdy przesyłanie danych internetowych jest włączane tylko gdy jest potrzebne, bateria trzyma około 4 dni.;;;0;0;2017-06-20 14:14:02;
4229124;Użytkownik Ceneo;5/5;true;Bardzo dobre urządzenie. Działa szybko, nie muli, świetnie wykonane. Naprawdę ciężko powiedzieć złe słowo.;;;2;0;2016-11-23 16:53:47;
3987283;tomek;4/5;true;fajne urządzenie ale jakbym miał s4 to bym nie zmieniał. Bateria sprawia , ze zapominam o tym ,ze muszę ładować telefon .;;;0;1;2016-09-27 12:41:58;
5135097;ZolZik;5/5;true;Mam już czwarte urządzenie mobilne Samsung i raczej pozostanę wierna tej marce. Świetnie skonstruowane menu, łatwo, intuicyjnie się z niego korzysta. Zadowalający aparat foto ( jestem zwolenniczką lustrzanek dlatego piszę tylko zadowalający, choć z pewnością jest bardziej niż zadowalający). Płynna praca. Zero zwieszania. Bateria trzyma 1 - 1,5 dnia zależy od intensywności korzystania ale jak na telefon z tyloma bajerami to uważam, że nie ma się czego przyczepić. No a o wyglądzie nie wspomnę :) Cukiereczek :);wygląd ;;0;0;2017-10-17 22:56:24;
3863809;Andrzej;4,5/5;true;Jest szybki, ładny choć raczej duży. Bateria jak na tak duży wyświetlacz daje radę choć mogła by dłużej działać.;;funkcjonalność ;0;7;2016-08-04 17:51:02;
4717129;Artur;5/5;true;Telefon jest genialny.Ma 5 wad jak dla mnie.Brak aplikacji muzuki samsung tylko google muzyka.Brak podczerwieni. Dźwięk z telefonu mógł by być głośniejszy ale to norma w telefonie wodoopornym.Wygląd jest moim zdaniem fajny ale dlaczego nie ma imitacji innego koloru jak miał s6.Zdjęcia fajne robi super mailina ale dlaczego nie w 16:9????Samsung to głupota...Czarne pasy na zdjęciach to lipa żadna zaleta.Zalety to aparat jakość zdjęć.Szybkość telefonu.Bateria lepiej trzyma od s6 ale też bez rewelacji.Szybkie ładowanie.Wyświetlacz super miodzio.W andku 7.0 jest mnóstwo bajerów i touch wiz to w końcu nie ten sam nudny co kiedyś.Ogólnie polecam.Do 2000-2400zł nie ma lepszego telefonu.;;;1;0;2017-05-31 19:58:33;
4282905;Wojciech;4,5/5;true;Bardzo porządny telefon. Po S2, S4, S6 Edge+, S7 jest dobrym krokiem. Idealna wielkość - zwłaszcza dla kobiet (S6 Edge+ jest za duży). Różowy kolor jest elegancki - jest spokojny i stonowany. Klasyk. Wreszcie Samsung przywrócił karty pamięci. No i wodoszczelność. Aparat jest świetny, wszystko szybko i dobrze działa. Dzięki dostarczonemu kabelkowi USB (micro-micro) przeniesienie _wszystkich danych_ z poprzedniego Samsunga było proste. Zobaczymy po roku czy i jak zdegeneruje się bateria. Na moim S6 Edge+ po 13 miesiącach nadal bez problemu komórka wytrzymuje pełen dzień intensywnego używania (wieczorem zostaje jeszcze ok. 30% baterii). Mam nadzieje, że tutaj nie będzie gorzej.;;;1;0;2016-12-13 10:34:51;
4132313;julia;5/5;true;Telefon wreszcie działa jak powinien działać telefon! Wszystko szybko śmiga, nie zacina się, robi fenomenalne zdjęcia. Mogę się przyczepić jedynie do szybko nagrzewającej się baterii. Polecam każdemu!;;;1;0;2016-10-31 15:55:11;
5106155;Teodor;5/5;true;Mam go dopiero 1 dzień i dlatego szersza opinia nie jest możliwa. Pewne cechy ad hoc wymieniłem powyżej.;czas pracy na baterii latwosc obslugi wygląd ;;0;0;2017-10-06 19:20:44;
3757238;Jan;4,5/5;true;Dużą wadą S7 jest śliska obudowa i do tego jeszcze z zaokrąglonymi krawędziami. Przy stosunkowo dużej wadze telefonu bardzo łatwo o jego wypuszczenie z dłoni lub ześlizgnięcie się z pochyłej powierzchni. Kolejną wadą jest brak radia fm. Ale podobno w kolejnych aktualizacjach systemu już ma być. Poza tym S7 ma wiele zalet, do których jednak zaliczyć należy baterię (trzeba od razu nad nią trochę popracować aplikacją "Repair Battery Life" - efekt murowany!), no i oczywiście aparat. Tylko dlaczego filmy nie chce zapisywać na karcie SD? .;funkcjonalność ;;5;0;2016-05-24 10:18:35;
6241973;Anna;5/5;true;Produkty Samsung posiadam z mężem od 12 lat, smartfon S2, S4, S7 - obecnie jest przez Nas testowany. Jak wrażenia? Same pozytywne! Nie muszę już dźwigać lustrzanki - aparat w S7 idealnie, a nawet lepiej zastępuję mi go, koniec z dodatkowymi kilogramami! Podczas jazdy w korkach - uprzyjemnia mi chwilą wyraźnie słyszaną muzyką. Wybierając nowy S7 skupiłam się na parametrach, z których najczęściej korzystam. S7 i jak reszta pozostałych produktów Samsung przez tyle lat "małżeństwa" nigdy mnie nie jeszcze nie zawiodła! W prezentach dla najbliższych w te święta również będzie S7, bo pięknymi chwilami trzeba się dzielić :) Dałabym 6, ale max można tutaj 5 :) .;czas pracy na baterii funkcjonalność wygląd ;;0;0;2017-11-22 19:50:20;
4276575;Użytkownik Ceneo;3/5;null;nawet dobre specyfikacje dobry aprat lecz zbyt wysoka cena bo za 1300 zl mozna kupic xiaomi mi 5 gdzie mamy prawie identyczne specyfikacje i aprat a o 700 zl tanszy;cena idiotycznie wysoka funkcjonalność ;;1;0;2016-12-10 18:15:56;
6276772;Mariusz;4/5;true;Telefon ogólnie super. Jednak jakość dźwięku z jednego głośnika oraz słuchawek (które ma się wrażenie że zaraz wypadną z uszu i są jakieś takie niedopasowane)jest kiepska jak na telefon tej klasy.;;;0;0;2017-11-30 19:59:53;
4108002;Użytkownik Ceneo;4,5/5;true;Komórka sprawia dobre wrażenie. Szkoda że niema możliwości wymiany baterii we własnym zakresie.;;;0;1;2016-10-26 18:10:32;
4354906;jancyn;5/5;true;Ci co popróbowali wiedzą, a ci co nie niech sprawdzą. Jak kupić to dobre albo najlepsze !;;;0;0;2017-01-18 09:56:40;
5039683;Igor;5/5;true;Telefon jest w bardzo dobrej cenie, oryginalny. Super funkcjonalny, polecam!;funkcjonalność latwosc obslugi stabilność wygląd ;cena idiotycznie wysoka czasami się zawiesza na kilka sekund mało odporny na upadek i uderzenia ;0;0;2017-09-14 16:24:22;
4826194;Piotr;5/5;true;super telefonik. polecam!!!! teraz to już nie potrzebny mi nawet aparat fotograficzny.;;;0;0;2017-07-06 16:36:21;
6277358;null;5/5;true;Kocham ten telefon za zdj które robi. Jakość obledna. Poza tym jest bardzo zgrabny, wygodny do ręki. Mam go od roku i działa bez zarzutu mimo mnóstwa zdjęć i aplikacji. Godny polecenia;;;0;0;2017-11-30 21:51:32;
5111664;M...a;3/5;null;Telefon jak najbardziej ok,super zdjecia robi ale też zżera szybko baterie niestety.;brak wbudowanego radia fm cena idiotycznie wysoka crapware czasami się zawiesza na kilka sekund funkcjonalność latwosc obslugi mało odporny na upadek i uderzenia stabilność wygląd ;czas pracy na baterii ;0;0;2017-10-09 18:33:37;
4468002;Marcin;5/5;true;Na razie jest ok.ładny, funkcjonalny ,aparat bardo dobry,łatwy w obsłudze.Polecam.;;;0;0;2017-03-02 15:41:44;
4256724;Adrian;4/5;true;Świetny produkt, w świetnej cenie. Produkt bardzo wytrzymały. Świetnej jakości produkt. Jeżeli miałbym kupić ten lub inny produkt kupił bym ten produkt jeszcze raz. Szczerze polecam.;;;0;0;2016-12-04 18:48:37;
4256721;Adrian;4/5;true;Świetny produkt, w świetnej cenie. Produkt bardzo wytrzymały. Świetnej jakości produkt. Jeżeli miałbym kupić ten lub inny produkt kupił bym ten produkt jeszcze raz. Szczerze polecam.;;;0;0;2016-12-04 18:48:13;
6227412;Smoczyca;4/5;true;Ogólnie telefon spoko. Czasem problem z czytnikiem linii papilarnych, wystarczy mały paproch i już nie działa. A bateria mogłaby być trochę lepsza. Jak na swoją cene zasługuje na 4*;funkcjonalność wygląd ;czas pracy na baterii ;0;0;2017-11-18 22:36:11;
3731827;Użytkownik Ceneo;5/5;true;oczerniają go dzieci, które marzą o takim telefonie a sami działają na trend plus lub innym pseudo smartfonie :) S7 to moim zdaniem najlepszy produkt samsunga jaki kiedykolwiek wyszedł.;;;3;6;2016-05-07 00:06:38;
3801318;zibi;5/5;true;Przesiadka z S4 DUOS - jak z malucha do mercedesa;funkcjonalność ;;2;2;2016-06-29 10:15:13;
3973840;Zenon;4,5/5;true;Funkcjonalny,spełnił moje oczekiwania.;funkcjonalność ;brak wbudowanego radia fm ;1;1;2016-09-22 16:53:25;
4789006;Damian;5/5;true;Telefon spełnia wszelkie oczekiwania i nie mam do niego żadnych zarzutów.;;;0;0;2017-06-25 03:33:23;
4255506;Użytkownik Ceneo;5/5;true;Komórka świetna , dawno nie widziałem tak fajnego urządzenia od samsunga i tym razem mnie zaskoczyli. Genialny aparat i ładny wygląd to jest to co do mnie przemawia;;;1;0;2016-12-04 12:21:39;
4815419;Aneta;4,5/5;true;telefon używa syn więc nie mam pojęcia jak działa on jest zadowolony;;;0;0;2017-07-04 10:30:25;
4598486;ryskob;5/5;true;Telefonik jak w opisach i dostępnych recenzjach, jestem zadowolony.;;;0;0;2017-04-24 10:39:03;
4563659;Kris;5/5;true;Drugi taki telefon w rodzinie. Nawet nie szukałem czegoś innego.;;;0;0;2017-04-12 11:22:06;
4234232;darek;4/5;true;jest ok. Chociaż to nie jest zakup o dobrej relacji cena/jakość;;;0;0;2016-11-25 19:59:10;
4329384;BLTS;3,5/5;null;można tylko przyczepić się do wygórowanej ceny.;;;1;0;2017-01-04 11:42:50;
4897792;Paweł;5/5;true;Telefon bardzo dobry. Dotychczas sprawuje się bez zarzutów.;;;0;0;2017-07-29 21:17:00;
3923175;heniekku;5/5;true;Produkt posiadam od kilku tygodni, więc trudno napisać coś więcej. Na razie wszystko ok działa bez zarzutu, a jak będzie dalej zobaczymy.;funkcjonalność ;;0;2;2016-09-05 12:20:34;
4537690;Wojtek;5/5;true;Ładny, szybki, wygodny - jak za taki telefon cena rozsądna;;;0;0;2017-03-31 19:04:24;
4233321;Użytkownik Ceneo;5/5;true;Polecam, bardzo szybki telefon, świetny wyświetlacz i aparat. Dobry i szybki GPS, jedynym minusem jest mocno przyciągająca odciski palców tylna obudowa.;;;1;0;2016-11-25 13:03:05;
4377004;dudu;5/5;true;Mam już go z 2 miechy i powiem że telefon warty zakupu,bateria jak na takie parametry tez dobrze trzyma,aparat i wydajność super i wygląd to samo....POLECAM;;;0;0;2017-01-26 14:06:19;
4534028;Jarek;5/5;true;Jestem zadowolony z zakupu. Świetna praca z Internetem. Wystarczający wyświetlacz. Bateria sprawuje się jak na razie ok'. Oceniam model bardzo dobrze.;;;1;0;2017-03-30 15:34:27;
6320223;null;4/5;true;Telefon świetny, w swojej klasie cenowej miażdży konkurencję, nie ma sobie równych. Koreańczyk płakał jak sprzedawał.;aparat, szybkość działania, nakładka systemowa, normy wodoszczelności, wygląd ;brak wbudowanego radia fm ;0;0;2017-12-10 10:34:12;
3813189;Piotr;5/5;true;Znakomity produkt w bardzo korzystnej cenie, zdecydowanie polecam wszystkim zainteresowanym. To jedna z ciekawszych propozycji w tym przedziale cenowym.;;;1;2;2016-07-07 17:41:02;
4916218;_marcin_;4,5/5;true;Przy słabym zasięgu (nawet w centrum miasta) dźwięk się jakby kompresuje i nie słychać co mówi rozmówca z drugiej strony. Okropnie upierdliwa wada.;;;0;0;2017-08-04 15:51:13;
5174668;Anna;3,5/5;null;Dobry wybór na telefon w akceptowalnej cenie;czas pracy na baterii funkcjonalność latwosc obslugi stabilność ;czasami się zawiesza na kilka sekund ;0;0;2017-10-31 14:17:16;
4779434;Scorch;5/5;true;Bardzo fajny telefon polecam, wart swej ceny;;;0;0;2017-06-21 17:27:47;
3947675;Tadeusz;4/5;true;Dobry produkt;funkcjonalność ;;2;2;2016-09-14 10:13:24;
3987771;Anna;5/5;true;Telefon bardzo dobry.Zadowolił moje oczekiwania.;;;0;1;2016-09-27 17:19:03;
3887414;Użytkownik Ceneo;5/5;true;produkt bardzo dobry aparat świetny (zresztą najlepszy na rynku) co do reszty na plus wodoodporność szybkie ładowanie;;;1;2;2016-08-17 22:17:49;
4582588;Tomek;5/5;true;Telefon spełnia moje oczekiwania. Polecam.;;;0;0;2017-04-19 10:53:24;
4857146;Maciej;5/5;true;świetny telefon, jedyny mankament to krótki czas pracy na baterii, poza tym ideał, wyjątkowo dobry aparat foto, zarówno tylni jaki i przedni!;;;0;0;2017-07-17 13:15:42;
4104207;*****;4,5/5;true;Telefon na propsie tylko bateria nie dyma za dlugo;;;0;2;2016-10-25 21:43:11;
4640608;U...o;5/5;true;Bardzo dobry telefon. Warty swojej ceny.;;;0;0;2017-05-08 08:15:52;
4783172;Fafkun;5/5;true;Bardzo dobry telefon nie ma żadnych wad;;;0;0;2017-06-22 16:17:18;
6264350;null;5/5;true;Używam od pół roku i nie zawiódł mnie ani razu, zrobił wiele świetnych zdj i filmów, które widnieją na profilach facebookwych znajomych;brak wbudowanego radia fm crapware czas pracy na baterii czasami się zawiesza na kilka sekund funkcjonalność latwosc obslugi ładnie zdjecia mało odporny na upadek i uderzenia rysujący się czytnik linii papilarnych stabilność ;rysujacy się aparat rysująca się osłona pulsometru ;0;0;2017-11-29 07:06:25;
4389766;Użytkownik Ceneo;4,5/5;true;Bardzo dobrze wykonany telefon ,ale w zawyżonej cenie.Jest szybki i funkcjonalny cena ciebie nie przestraszy to Jest telefon dla Ciebie.;;;0;0;2017-01-30 20:14:29;
4243386;Adam;5/5;true;Powalająca szybkośc działania telefonu. To już jest w sumie przenośny komputer. Rewelacyjny aparat 16 MPix tył i 5 Mpix przód.;;;1;0;2016-11-29 10:37:27;
3831026;Łukasz;5/5;true;Produkt pierwsza klasa!;funkcjonalność ;;1;5;2016-07-18 23:11:46;
4306902;recenzent;5/5;true;według mnie jest to jeden z lepszych i ładniejszych telefonów tego roku,także bardzo płynnie działa i mogę go gorąco go polecić;;;1;0;2016-12-24 22:38:39;
4769403;Anonimowy;5/5;true;Bardzo dobry telefon, polecam!!!;;;0;0;2017-06-19 09:11:55;
4484579;Leszek;4,5/5;true;w pełni spełnia moje oczekiwania;;;0;0;2017-03-10 11:13:47;
3889364;Michał;5/5;true;Polecam telefon.;funkcjonalność ;;1;4;2016-08-18 19:43:44;
4353140;Elwis;4,5/5;true;Smartphone ok lecz duża cena :P;;;1;1;2017-01-17 12:10:23;
3987553;Użytkownik Ceneo;0,5/5;false;Bardzo dobry telefon;funkcjonalność ;;0;3;2016-09-27 15:16:59;
4482555;Użytkownik Ceneo;4/5;true;Mam za krótko aby oceniać;;;0;1;2017-03-09 13:11:09;
4271623;Daro;4,5/5;true;Sprzęt zdecydowanie godny polecenia.;;;0;1;2016-12-09 07:20:26;
4389155;sui;5/5;true;super sprzet i extra gratisy;;;0;0;2017-01-30 17:25:26;
3811986;Czader;5/5;true;Nie istnieje lepszy smartfon. Jak zresztą od lat większość flagowych modeli Samsunga.;funkcjonalność stabilność ;cena idiotycznie wysoka crapware czasami się zawiesza na kilka sekund ;2;0;2016-07-06 18:49:17;
4226454;Użytkownik Ceneo;5/5;true;Taki jaki miał być. The best!;;;0;1;2016-11-22 15:51:46;
4398595;Aga;5/5;true;w 100% zgodny z opisem.;;;0;0;2017-02-02 11:19:14;
4027895;michał;5/5;true;Spełnia wszystkie moje wymagania;;;0;2;2016-10-10 07:02:43;
3798253;Użytkownik Ceneo;5/5;true;Najlepszy smartfon tego roku.;;;7;9;2016-06-26 12:00:47;
4495092;evo;5/5;true;Telefon prawie idealny, niczego mu nie brakuje. Przesiadłem się z iphonea, ktoremu duzo brakuje aby dogonic Samsunga.;;;0;0;2017-03-15 13:44:58;
4429885;Paweł;5/5;true;Mój pierwszy smartfon, intuicyjny i łatwy w obsłudze soft super wykonanie, szybko się ładuje. Wszystko na plus POLECAM;;;0;0;2017-02-14 12:49:38;
5005685;Ppp;4,5/5;true;Super telefon.;brak wbudowanego radia fm cena idiotycznie wysoka crapware czas pracy na baterii czasami się zawiesza na kilka sekund funkcjonalność latwosc obslugi mało odporny na upadek i uderzenia rysująca się osłona lampy błyskowej rysująca się osłona pulsometru rysujący się czytnik linii papilarnych stabilność wygląd ;;0;0;2017-09-04 11:12:05;
4422643;Twoje imię lub nick:;5/5;true;Zdjęcia duuuużo lepsze niż w s2. Łatwiej pisze się na klawiaturze niż w s2. Szybciej chodzi internet niż w s2.;;;1;0;2017-02-10 22:39:57;
3851003;R. Mazurkiewicz;4,5/5;true;Użytkuję ten telefon od kilkunastu dni i jestem bardzo zadowolony. Niestety trochę wygórowana cena.;funkcjonalność ;;0;3;2016-07-29 12:14:28;
3897889;Użytkownik Ceneo;5/5;true;telefon bardzo fajny użytkuje się go bardzo dobrze aparat jeden z najlepszych pamięć ram też jest ok wyświetlacz brdzo dobry;;;0;2;2016-08-23 21:05:40;
4112311;darian;5/5;true;Smartphone idealny.;;;0;1;2016-10-27 16:30:36;
4129532;Użytkownik Ceneo;5/5;true;SAMSUNG GALAXY S7 SM-G930F dobre parametry techniczne. Dobra cena. Sprzęt warty i godny jak najbardziej polecenia.;;;0;0;2016-10-30 21:31:54;
5171280;Michał;5/5;true;Super sprzęt;;;0;0;2017-10-30 12:56:16;
4977132;Konrad;5/5;true;Bardzo dobrze;czas pracy na baterii funkcjonalność latwosc obslugi stabilność wygląd ;brak wbudowanego radia fm crapware rysująca się osłona lampy błyskowej rysująca się osłona pulsometru rysujący się czytnik linii papilarnych ;0;0;2017-08-25 10:40:27;
4171302;Piotr;5/5;true;Bardzo dobry produkt, świetne wykonanie i niebanalne podejście pozwalają mi wydać rekomendacje. Gorąco polecam;;;0;0;2016-11-09 18:25:49;
4769394;Maciej;5/5;true;Wszytko ok;;;0;0;2017-06-19 09:08:33;
4665812;Ćassius Żur;5/5;true;Jest spoko.;;;0;0;2017-05-15 14:54:07;
4297194;Użytkownik Ceneo;5/5;true;nie wybucha;;;0;0;2016-12-19 17:26:35;
4533306;mluki;5/5;true;wszystko dobrze;;;0;1;2017-03-30 12:47:27;
3829251;Użytkownik Ceneo;5/5;true;Spokojny design, intuicyjna obsługa, szybki i sprawnie działający system, świetny aparat i wyświetlacz.;;;2;1;2016-07-18 09:46:24;
4500687;Maria;5/5;true;Najlepszy telefon jaki miałam. Robi piękne zdjecia, filmy rewelacyjne, polączenia wielofunkcyjne. POLECAM !!!;;;0;0;2017-03-17 12:53:21;
4425607;Jacek;4,5/5;true;Bardzo dobry;;;0;1;2017-02-12 21:28:12;
5187944;Piotr;5/5;true;polecam;czas pracy na baterii funkcjonalność latwosc obslugi stabilność wygląd ;;0;0;2017-11-04 09:30:22;
4322844;Użytkownik Ceneo;5/5;true;Bardzo funkcjonalny telefon, działa szybko i płynnie, a jego cena nie jest za wysoka. Gorąco polecam!;;;1;0;2017-01-01 13:50:34;
4266270;Użytkownik Ceneo;4,5/5;true;Samsung Galaxy S7 SM-G930F 32GB Jestem mega zadowolony z tego modelu. Wszystko pięknie i płynnie śmiga, polecam;;;0;1;2016-12-07 22:06:48;
3769454;Daniel;1/5;false;telefon nie jest adekwatny do ceny która jest za wysoka, moim zdaniem lepszy jest s6 który polecam;;;2;8;2016-06-02 23:31:52;
4227717;mr.m;5/5;true;bez zarzutu;;;0;1;2016-11-22 22:42:26;
4787553;msriuszstraz;5/5;true;Super;;;0;0;2017-06-24 07:24:20;
4243338;Użytkownik Ceneo;5/5;true;Plusy: Nie za duży, Wodoodporny, Szybki, Najlepszy Aparat Minusy: szkło z tyłu szybko się palcuje;;;0;0;2016-11-29 10:21:29;
4444306;Iwona;4,5/5;true;narazie ok;;;0;1;2017-02-20 17:47:28;
4273831;TOMEKTJ;4,5/5;true;TO JEST TO;;;0;1;2016-12-09 14:47:40;
4548041;Jacek;5/5;true;super;;;0;0;2017-04-05 17:22:09;
4403646;Użytkownik Ceneo;3,5/5;null;dobry sprzet ............................................................................................;;;0;0;2017-02-03 17:41:56;
4264769;pala;5/5;true;Ten telefon jest meega fajny nie zacina się robi idealne zdjęcia polecam nie widziałam lepszego ;);;;1;0;2016-12-07 13:42:11;
6419670;alefon;4,5/5;true;Do zdjęć bezkonkurencyjny biorąc pod uwagę cenę to asus zenfone 520 kl 32 gb ramu . laserowy autofokus;;;0;0;2018-01-01 21:12:48;
4872395;Łukasz;5/5;true;Ok;;;0;0;2017-07-21 12:25:34;
4511907;ravan;5/5;true;OK;;;0;0;2017-03-22 13:15:25;
4238093;Maciek;4,5/5;true;Super;;;0;1;2016-11-27 15:28:49;
4421500;Beata;5/5;true;Dobra;;;0;1;2017-02-10 14:52:09;
4309920;Łukasz;5/5;true;OK.;;;0;1;2016-12-26 20:34:36;
4281062;INKO;5/5;true;Polecam;;;0;2;2016-12-12 15:36:32;
3865407;Michał;5/5;true;Mam co chciałem;;;1;5;2016-08-05 10:50:13;
4412523;Użytkownik Ceneo;5/5;true;Polecam, świetny telefon. W szczególności podoba mi się jakość zdjęć, prędkość i ilość pamięci.;;;0;0;2017-02-07 18:35:43;
4187421;Użytkownik Ceneo;5/5;true;Bardzo fajny telefon, dobra wydajność. Nic dodać , nic ująć. Polecam dla miłośników samsunga.;;;0;0;2016-11-13 19:16:29;
4090739;Piotr;5/5;true;Znakomity produkt świetne wykonanie i bardzo dobra cena. Gorąco polecam wszystkim zainteresowanym;;;0;1;2016-10-23 12:12:16;
4070799;Użytkownik Ceneo;2/5;false;Rewelacyjny wygląd, aparat, funkcjonalność. Niestety telefon spalił się po 5 dniach :(;;;0;0;2016-10-19 09:02:00;
3706543;Użytkownik Ceneo;4/5;true;Super aparat ,i bardzo fajny telefonik, telefon jednak jest śliski i nie da się tego ukryć;;;1;5;2016-04-21 15:08:37;
3835213;Użytkownik Ceneo;5/5;true;Telefon SAMSUNG GALAXY S7 posiada dobry wyświetlacz.Jest to oryginalny, fantastyczny prezent dla każdego.;;;0;3;2016-07-21 01:17:17;
3870468;Piotr;5/5;true;Znakomity produkt w .bardzo dobrej cenie, zdecydowanie polecam wszystkim zainteresowanym. Naprawdę warto;;;0;3;2016-08-08 20:17:50;
4958595;Użytkownik Ceneo;4,5/5;true;Telefon godny polecenia. Bateria też okej lecz po roku użytkowania nie trzyma zbyt długo.;czas pracy na baterii czasami się zawiesza na kilka sekund funkcjonalność latwosc obslugi mało odporny na upadek i uderzenia stabilność wygląd ;cena idiotycznie wysoka ;0;0;2017-08-19 09:03:02;
4389817;Jaszczur;5/5;true;Telefon który ma szybkę nie no nie wieżę w to co widzę ale ekstra normalnie głową odpada;;;0;0;2017-01-30 20:31:28;
4226427;KornelW;5/5;true;Bardzo dobry telefon. Mam od 2 miesięcy i jak do tej pory wszystko świetnie działa.;;;1;0;2016-11-22 15:43:37;
3873788;Szymon;5/5;true;ok;;;1;4;2016-08-10 09:26:37;
4636410;P...r;5/5;true;Bardzo dobry produkt, świetna jakość i dobra cena. Zdecydowanie polecam wszystkim.;;;1;0;2017-05-05 19:09:13;
3942262;Piotr;5/5;true;Znakomity produkt, świetne wykonanie i adekwatna cena sprawiają że mogę go śmiało polecić.;;;0;1;2016-09-12 23:49:58;
3957402;Seba;0,5/5;false;Telefon wybucha ! Grozi poparzeniem, nie polecam!;;funkcjonalność ;2;5;2016-09-16 20:20:34;
4233292;Rdd;4/5;true;Czas pracy po ładowaniu i brak możliwości samodzielnej wymiany baterii to ogromne minusy.;;;0;1;2016-11-25 12:49:27;
6237522;Zuzanna;5/5;true;To już kolejny telefon samsunga jaki posiadam i po raz kolejny jestem zadowolona. Pod względem wizualnym ideał. Telefon leży bardzo dobrze w ręce co daje możliwość obsługiwania go jedna dłonią, Menu bardzo przejrzyste i łatwe w obsłudze ( zresztą jak większość androidów). Bateria na razie trzyma ok 2 dni przy dość intensywnym użytkowaniu a dodatkowo bardzo szybko ładuje się. Szybka i obudowa odporna ( przeżyła bez rysy i uszczerbku na zdrowiu, niefortunny upadek z ok 1m). Polecam;czas pracy na baterii funkcjonalność wygląd ;;0;0;2017-11-22 09:16:41;
5198097;F...i;5/5;true;Bardzo dobry, estetyczny i funkcjonalny telefon w przystępnej cenie. Gorąco polecam!;czas pracy na baterii wygląd ;;0;0;2017-11-07 20:29:14;
4187764;Użytkownik Ceneo;4,5/5;true;ten telefon z wygladu jest bardzo łady, całkiem niezły czas uzytkowania baterii, polecam;;;0;1;2016-11-13 22:29:43;
4447245;Użytkownik Ceneo;4,5/5;true;Bardzo dobrze wykonany produkt samsunga. Jednak bardzo szkoda że jest tak wielka cena.;;;0;1;2017-02-21 19:37:24;
6388231;Piotr;5/5;true;Rewelacja bardzo funkcjonalny nie za duży wyświetlacz super szybki polecam;;;0;0;2017-12-23 12:55:30;
4439912;Adam;5/5;true;Płyn jest ekologiczny pięknie pachnie. Pranie jest czyste i doprane. To kolejny zakup.;;;0;1;2017-02-17 19:14:38;
4747305;P...r;5/5;true;Znakomity produkt, świetna jakość wykonania i batdzo rozsąna cena. Gorąco polecam;;;0;0;2017-06-10 15:24:10;
4254599;Użytkownik Ceneo;4/5;true;Genialny smartphone! Bateria starcza na cały dzień a ekran jest w sam raz dla mnie!;;;0;1;2016-12-04 00:29:00;
3700506;Kamil;5/5;true;jest bardzo dobry dlugo bede z niego korzystal;funkcjonalność ;;0;0;2016-04-18 15:27:02;
4611372;Adam;5/5;true;Bardzo szybki i funkcjonalny telefon. To już jest kieszonkowy komputer.;;;0;0;2017-04-27 10:10:31;
4260888;kasaja998;4/5;true;Ogolnie aparat bardzo fajny ale u mnie w slabych warunkach oswietleniowych, a wlasnie dlatego postanowilem ten model zakupic, moglby jednak lepiej sobie radzic, dosc mocno widac na filmach i zdjeciach jak oprogramowanie rozjasnia bo jakosc dosc wyraznie spada wowczas, ciekawe jak wypadlby iphone. Bateria nie powala, xiaomi redmi 3 za kilkaset zlotych bije na glowe tutaj.;;;0;1;2016-12-05 21:32:33;
6417803;Leszek;4,5/5;true;Wygodny-ergonomiczny, stabilna praca, dobry aparat, słaba bateria.;latwosc obslugi stabilność ;;0;0;2017-12-31 16:13:19;
4542518;Użytkownik Ceneo;5/5;true;Ideały nie istnieją, ale S7 niewiele brakuje do telefonu idealnego;;;0;0;2017-04-03 20:52:36;
4335492;Art;5/5;true;Przesiadka z s4 i było warto.;funkcjonalność stabilność ;;1;0;2017-01-07 13:23:19;
3773775;Piotr;5/5;true;Wysokiej jakości produkt w bardzo dobrej cenie. Gorąco polecam wszystkim zainteresowanym.;;;0;5;2016-06-06 22:08:06;
4282961;Zach;3,5/5;null;Apple ma reklamy Samsung ma Galaxy S7 Najlepszy na rynku;;;0;1;2016-12-13 10:56:37;
6307140;Ewa;5/5;true;Telefon genialny, nie mam do niego żadnych zastrzeżeń. Jest w moim posiadaniu już ponad rok i jestem bardzo zadowolona z jego wyglądu oraz funkcjonalności. Szczególnie jestem zadowolona z aparatu samsunga s7, który spełnił moje oczekiwania pod każdym względem. Zakup tego telefonu był jedną z lepszych decyzji. W przyszłości, gdy będę planowała wymianę na nowszy model to bez zastanowienia sięgnę po produkty firmy samsung. Bardzo polecam! Pozdrawiam,;;;0;0;2017-12-07 15:06:40;
4039149;Michał;5/5;true;Bardzo dobry telefon, gdyby był tańszy, byłoby idealnie.;;;0;1;2016-10-12 10:30:04;
4575537;Lio;1,5/5;false;Trzeba być nieżle walniętym, aby ten telefon kupić w tej cenie !!!;;;0;0;2017-04-15 21:33:48;
4233095;Iza;3,5/5;null;Wszystko ok. Tylko się nagrzewa. Dla mnie jedyny minus.;;;0;1;2016-11-25 10:54:15;
4206041;Mariola;5/5;true;super telefon,dotarł szybko i bez żadnej skazy.;;;0;0;2016-11-17 13:18:35;
3738331;Jacek;4,5/5;true;Dobry smartfon z bardzo dobrym aparatem.;funkcjonalność ;crapware ;1;6;2016-05-11 11:34:01;
3724537;Użytkownik Ceneo;5/5;true;Samsung galaxy s7 to jeden z najlepszych smartfonów na rynku. Ekran,;;;1;6;2016-05-02 10:04:37;
4506609;elzbieta;5/5;true;jestem zadowolona z zakupu telefonu polecam;;;0;0;2017-03-20 18:24:06;
3790025;Użytkownik Ceneo;5/5;true;ok;;;3;17;2016-06-18 13:31:20;
4260460;Kubster412;5/5;true;Fajny smartfonowe chciał bym takiego pod hoinkę;;;0;1;2016-12-05 19:50:17;
3647562;Użytkownik Ceneo;5/5;true;Świetny telefon polecam,;;;5;16;2016-03-19 13:02:32;
5007987;Użytkownik Ceneo;4,5/5;true;Ogólnie kupił bym go ponownie.;czas pracy na baterii czasami się zawiesza na kilka sekund funkcjonalność latwosc obslugi stabilność wygląd ;brak wbudowanego radia fm cena idiotycznie wysoka mało odporny na upadek i uderzenia rysująca się osłona lampy błyskowej rysująca się osłona pulsometru rysujący się czytnik linii papilarnych ;0;0;2017-09-04 22:45:54;
6243013;Seto;5/5;true;Polecam!;brak wbudowanego radia fm cena idiotycznie wysoka crapware czas pracy na baterii czasami się zawiesza na kilka sekund funkcjonalność latwosc obslugi mało odporny na upadek i uderzenia rysująca się osłona lampy błyskowej rysująca się osłona pulsometru rysujący się czytnik linii papilarnych stabilność wygląd ;;0;0;2017-11-22 22:38:15;
4554316;Tomek;5/5;true;super!;;;0;0;2017-04-07 14:01:01;
6339790;Andrzej;5/5;true;Ostatnie 2 lata używałem Samsunga S6 Edge. Smartfon po prostu SUPER. Praktycznie ZERRRO problemowy. Nadal dużo ludzi widząc go po raz pierwszy nie może się nadziwić nad zakrzywionym wyświetlaczem. A jak zaprezentuje im nocne dzwonienie z kolorowym podświetlaniem kto dzwoni to po prostu "szczęka" opada. Teraz zastanawiam się nad wyborem godnego następcy - na pewno SAMSUNG tylko nie wiem czy 7 czy 8. Mam 3 dni na wybór :);;;0;0;2017-12-13 20:12:44;
3635171;Paweł;4/5;true;Jak narazie ok polecam;;;7;51;2016-03-10 15:07:30;
4261889;Jarosław;5/5;true;Polecam.;;;0;1;2016-12-06 10:10:50;
4172256;Kajetan;5/5;true;jak na razie jestem bardzo zadowolony;;;0;1;2016-11-09 20:47:53;
4384598;Marcin;5/5;true;Polecam nic dodać nic ująć...;;;0;0;2017-01-29 13:29:22;
3839883;WINER;5/5;true;Mega telefon;funkcjonalność ;;0;3;2016-07-23 19:41:57;
6390093;siet;0,5/5;false;beznadziejny. s5 byl Ok o 10000razy.;;;0;0;2017-12-25 00:25:24;
3738802;Użytkownik Ceneo;0,5/5;false;Nie jest ok, a najbardziej zwiechy...wracam do iphona;;;5;19;2016-05-11 14:55:02;
6417684;null;2/5;false;Wieczny problem w łączeniem wifi;;;0;0;2017-12-31 14:38:54;
4260544;kamilooo;4,5/5;true;Co tu mówić po prostu rewelacja.;;;0;1;2016-12-05 20:15:28;
3827519;sensei;5/5;true;super;funkcjonalność ;;0;2;2016-07-16 22:44:41;
4425027;Użytkownik Ceneo;5/5;true;Dobry smartfon w dobrej cenie;;;0;1;2017-02-12 15:46:57;
4378983;EKOD-Gdynia;5/5;true;Spełnia moje oczekiwania;;;0;0;2017-01-27 08:48:01;
4233201;Grzegorz;5/5;true;Niezły sprzęt, ale za drogi.;;;0;1;2016-11-25 11:47:21;
4502609;Edx;5/5;true;To win 1000000 Golden;;;0;0;2017-03-18 10:47:48;
4507849;Henryk;5/5;true;Spełnia oczekiwania.;;;0;0;2017-03-21 10:43:10;
4419545;Michał2456;4,5/5;true;Super telefon!!!;;;0;0;2017-02-09 21:23:09;
4395924;Adam;5/5;true;Polecam każdemu;;;0;0;2017-02-01 15:03:55;
3637307;sft;0,5/5;false;dramat dramat. ciagle sie zawiesza. wolno chodzi. slaba opcja.;;;15;46;2016-03-11 21:05:15;
4529312;asd12;4,5/5;true;Bardzo dobry telefon.;;;0;1;2017-03-29 12:33:40;
4764267;Andy;5/5;true;Świetny telefon.;;;0;0;2017-06-16 13:37:27;
4492818;Technosystem;5/5;true;Szczerze polecam;;;0;0;2017-03-14 14:31:54;
4496553;kjgkugkug;5/5;true;tanie *****;;;0;0;2017-03-16 08:41:23;
3737438;Vertez;4,5/5;true;Mega fajny;funkcjonalność ;;0;6;2016-05-10 20:15:31;
4255322;Daniel;5/5;true;Fajne, dobre;;;0;1;2016-12-04 11:19:55;
4410309;norbi;4/5;true;suuuper;;;0;0;2017-02-07 07:58:35;
6283072;iuoj;5/5;true;mbnfmv;czasami się zawiesza na kilka sekund latwosc obslugi stabilność ;;0;0;2017-12-02 06:35:34;
4288228;Dudi;4/5;true;:D gitara siema;;;0;2;2016-12-15 12:57:55;
4496973;Ryszard;5/5;true;Ok;;;0;0;2017-03-16 10:45:58;
4285784;mich;4/5;true;Dobry.;;;0;1;2016-12-14 13:12:10;
3989986;Greg;5/5;true;bdb;;;0;2;2016-09-28 13:00:02;
4087499;Dawid;5/5;true;Telefon kapitalny, niesamowicie szybki, niesamowity wyświetlacz, bardzo dobry aparat, jak na telefon komórkowy, wygląd zewnętrzny oceniam bardzo dobrze, wodoszczelny - to się przyda. Daje dużo swobody, łatwo łącze się z innymi urządzeniami, łatwo wrzucam do pamięci różne dane, bez dodatkowych programów, mptrójka jako dzwonek, żaden problem, bez dodatkowych programów. Polecam w 100%.;;;1;0;2016-10-22 16:35:14;
6264265;Wojtek;4,5/5;true;Przez długi czas byłem posiadaczem wcześniejszej wersji flagowca Samsunga, Galaxy S6, i jedyne czego mi brakowało to wejście na kartę SD oraz wodoodporność. Galaxy S7 to idealny telefon dla mnie. Świetny aparat, stabilność i funkcjonalność, nie za duży, świetny wyświetlacz, możliwość dołożenia mu paru GB pojemności i spokój gdy telefon wpadnie w śnieg - dla mnie bomba! Szczerze polecam!;czas pracy na baterii czasami się zawiesza na kilka sekund funkcjonalność latwosc obslugi stabilność wygląd ;;0;0;2017-11-29 00:42:22;
4123565;Marcin;5/5;true;super telefon piękny wygląd mega dużo opcji jedyna wada przy włączonym GPS i WiFi bateria trzyma 1 dzień nawet bez bawienia się telefonem pewnie GPS ciągle działa w tle - po wyłączeniu GPS przy normalnym użytkowaniu zużywa 15-20% baterii dziennie;;;3;0;2016-10-29 17:19:17;
4699111;Bartek;4,5/5;true;Spełnił moje oczekiwania. Solidny telefon z niezbędnymi funkcjami. Jedyny minus to czujnik wilgoci w porcie ładowania, który wykrywając minimalną ilość wilgoci, przerywa ładowanie. Zdarza się to natomiast sporadycznie i zabezpiecza przed uszkodzeniem telefonu.;;;0;0;2017-05-25 13:26:43;
4431543;Użytkownik Ceneo;5/5;true;Zacny telefonik, przecudnej urody Silne strony: - aparat foto - Andek 6.0 - mega procesor - wszystko śmiga jak należy - Gorilla Glass + wodoodporność - wyświetlacz Wady - namolne aplikacje Samsunga - po zakupie trzeba robić z nimi porządek;;;0;0;2017-02-14 22:33:54;
4254981;Katarzyna;5/5;true;Ekran i aparat o dobrych parametrach, bardzo wydajny procesor, dużo RAM-u, skaner biometryczny i spora bateria, a to wszystko zamknięte w wodoszczelnej obudowie. Super telefon tylko niestety nie na każdą kieszeń.;;;2;0;2016-12-04 07:14:19;
6317529;A...a;5/5;true;Jestem mega zadowolona. To moj pierwszy samsung. Wahalam sie przed zakupem ale nie zaluje :-) teraz moge miec wszystko w jednym, robie ogromne ilosci zdj moim dzieciom, nieuwzywam juz komputera bo telefon mi go zastepuje :-) jakbym miala stanac znowu przed zakupem s7edge to bralabym jeszcze raz :-) czekam na s9 😊😊😊;;;0;0;2017-12-09 06:32:02;
5227935;Zosia;5/5;true;Korzystam z smartfonów samsunga odkąd tylko pojawiły się na rynku. System jest bardzo intuicyjny i łatwo można wyszukać wszystkie opcje. Wcześniej miałam samsunga J5 i pękła w nim szybka przy zakładaniu folii ochronnej przy bardzo lekkim nacisku. W S7 wszystko trzyma się doskonale i nie było żadnych niespodzianek.;;;0;0;2017-11-15 21:43:49;
4293849;Ku3ica;5/5;true;Telefon rewelacja, przeżył zalanie kawą, szybki funkcjonalny. Przesiadłem się z samsung galaxy s6 edge i myślałem że nie będę widział różnicy jednak takowa istnieje. Gorąco polecam!;;;1;0;2016-12-18 13:16:12;
6425677;oscarian;4,5/5;true;Telefon bardzo intuicyjny w użyciu. Po przeskoczeniu z galaxy s3 mini na s7 widać ogromny postęp techniczny i znacznie większą funkcjonalność telefonu. Dalej jest co prawda wiele ograniczeń poza moją wyobraźnią, niemniej jednak aparat jest doskonały.;brak wbudowanego radia fm czas pracy na baterii czasami się zawiesza na kilka sekund funkcjonalność latwosc obslugi ładnie zdjecia mało odporny na upadek i uderzenia rysujący się czytnik linii papilarnych stabilność wygląd ;;0;0;2018-01-03 11:14:29;
4222959;ttanathoss;5/5;true;Telefon bardzo przyjemnie się używa, tył jest nieco zbyt śliski przez co czasem spada z różnych miejsc, np. brzegu łóżka. Poza tym super. Polecam!;;;0;1;2016-11-21 20:26:38;
6321293;Rafał;5/5;true;Telefon sprawuje się bardzo dobrze. Bateria wytrzymuje mi w normalnym użytkowaniu cały dzień , a to było dla łbie ważne. Zdjęcie jak i filmy są dość ładne i dobre jakościowo.Działa dość szybko i bez większych wpadek. Jestem zadowolony.;czas pracy na baterii funkcjonalność ładnie zdjecia wygląd ;;0;0;2017-12-10 17:49:01;
4771771;Andrzej;5/5;true;Telefon spełnia moje oczekiwania - jest ładny, funkcjonalny, działa sprawnie. Kupując drugi raz telefon też by na niego postawił.;;;0;0;2017-06-19 18:29:14;
4937542;U...o;5/5;true;Spełnia wszystkie moje wymagania: super aparat, rewelacyjny wyświetlacz, bateria wytrzymuje 36 godzin, nic się nie zacina.;;;0;0;2017-08-11 16:23:28;
4553048;Jan S;4,5/5;true;Bardzo dobry aparat, pozwala robić szerokie selfie. Duża roździelczość ekranu, duża moc, wydajny, długo trzyma bateria.;;;0;0;2017-04-07 09:26:38;
6253823;sandra_turner;5/5;true;Telefon wykonany jest z dbałościão szczegóły. Nie zacina się tka jak miałam problem z poprzednim telefonem. Jest przyjemny i łatwy w obsłudze. Jedyną wadą jest cichy dźwięk, co jest jednak normalne przy takim telefonie;czas pracy na baterii funkcjonalność latwosc obslugi ładnie zdjecia rysujący się czytnik linii papilarnych stabilność wygląd ;rysujacy się aparat ;0;0;2017-11-26 01:06:22;
4198276;bena113;5/5;true;Idealny ! Po wielu zmianach telefonów to nareszcie jest TO:) Wygodny, piękny, funkcjonalny, działa bez zarzutu!;;;0;0;2016-11-15 22:12:59;
4634474;Karol;4,5/5;true;ajfon to to nie jest ale OK, zloty to najlepszy kolor, od razu widac ze masz telefon, z daleka;;;0;1;2017-05-05 11:50:48;
4588613;user1977;5/5;true;Jak to zwykle z Samsungami Galaxy S wszystko jest naprawdę na najwyższym poziomie.;;;0;0;2017-04-20 13:52:00;
4256719;Adrian;4/5;true;Świetny produkt, w świetnej cenie. Produkt bardzo wytrzymały. Świetnej jakości produkt. Jeżeli miałbym kupić ten lub inny produkt kupił bym ten produkt jeszcze raz. Szczerze polecam.;;;0;0;2016-12-04 18:47:42;
4612012;A123;5/5;true;Produkt spełnił moje oczekiwania, a nawet zaskoczył funkcjonalnością i wyglądem.;;;0;0;2017-04-27 11:48:46;
4786360;Aleksandra;5/5;true;Zdjęcia lesze niż z aparatu, wygodny i lekki. Super wyświetlacz. Polecam;;;0;0;2017-06-23 15:20:47;
4726664;Michał;5/5;true;Telefon bardzo udany. Żona jest zadowolona. Robi naprawdę dobre zdjęcia.;;;0;0;2017-06-04 11:05:50;
4150431;Wiks;5/5;true;Wizualnie i funkcjonalnie super. Jedynie bateria mogłaby dłużej trzymać;;;0;0;2016-11-04 17:34:36;
4012783;pizzeriaitalia;4,5/5;true;JAKK DLA MNIE IDEALNY SAMSUNG PERFEKCYJNY DO BATERI NIE MAM ZARZUTOW MUSI SIE ROZLADOWAC ALE GDYBY BYLA TRONIU BARDZIEJ WYTRZYMALA DLACZEGO NIE;funkcjonalność ;;0;1;2016-10-06 12:30:37;
4681167;Sławek;4/5;true;Delikatny ekran, trzeba mieć dobre zabezpieczenie od stłuczenia.;;;0;0;2017-05-19 15:09:41;
6394270;Anna;5/5;true;produkt spełniający wymagania. działa bez zastrzeżeń, aparat ok.;czas pracy na baterii funkcjonalność latwosc obslugi ładnie zdjecia rysujący się czytnik linii papilarnych stabilność wygląd ;;0;0;2017-12-27 08:27:54;
4152018;Yoshi717;0,5/5;false;Great phone top of the line. I was little worried it would be a fake cause it's so cheep but 1000% legit;;;0;4;2016-11-05 07:37:35;
4198270;bena113;5/5;true;Idealny!!!Po woelu zmianach telefonów to nareszcie jest TO:);;;0;0;2016-11-15 22:11:29;
4396756;Patrycja;5/5;true;Telefon bardzo fajny w użytkowaniu. Dobra jakość zdjęć.;;;0;0;2017-02-01 18:26:49;
4745299;Weronika;5/5;true;Produkt bardzo dobry, spełnia wszystkie moje oczekiwania.;;;0;0;2017-06-09 15:24:55;
3857679;A.;4,5/5;true;Najlepszy i najładniejszy telefon z Androidem;funkcjonalność ;;1;5;2016-08-02 10:56:42;
4677718;Marcin;4/5;true;Bardzo udany telefon, pomijając czas pracy na baterii :);;;0;0;2017-05-18 15:29:10;
4496380;Stan;5/5;true;przy włączonej większości aplikacji bateria trzyma dzień;;;0;0;2017-03-15 23:36:17;
6259365;Adrian;5/5;true;Samsung galaxy s7 jest to bardzo dobry telefon nie zawodny poprostu najlepsz jaki moze byc z samsungow a najlepszy wybór jest na ceneo szybko sprawnie;;;0;0;2017-11-27 22:13:03;
3810017;tomekmini;5/5;true;super aparat i szybkość działania.;funkcjonalność ;;1;4;2016-07-05 11:15:29;
4996041;S...a;5/5;true;Telefon ,wart swoich pieniędzy. Funkcjonalny i śmiało moge napisać idealny. Działa bez zarzutu. Dla mnie perfekcyjny!;czas pracy na baterii czasami się zawiesza na kilka sekund funkcjonalność mało odporny na upadek i uderzenia wygląd ;;0;0;2017-08-31 14:15:19;
3882340;Henryk heniu-b*****;2/5;false;wyświetlacz - brak odporności na uderzenia, słaba jakość dźwięku - słaby jak na tak wygórowaną cenę. NIE POLECAM.;;funkcjonalność mało odporny na upadek i uderzenia ;3;3;2016-08-15 09:56:53;
3936956;mp;5/5;true;jestem zadowolona, ładny itp :);funkcjonalność ;;1;4;2016-09-09 20:36:35;
3839762;Marcin;5/5;true;Bardzo dobru telefon. Według mnie obecnie najlepszy flagowiec.;;;1;5;2016-07-23 17:01:10;
4293880;captain1999;5/5;true;Jeden z najlepszych telefonów na rynku. BA MEGA KOMPUTERÓW. Jest to istny potwór wydajnościowy, bardzo ładny i elegancki oraz niezawodny.;;;1;0;2016-12-18 13:24:48;
4233530;kajarek94;5/5;true;Bardzo polecam ten telefon. Robi piękne zdjęcia, jest super wydajny, bateria długo trzyma. Ma dużo nowoczesnych opcji. Wart swojej ceny.;;;1;0;2016-11-25 15:00:05;
4035906;Marcin;5/5;true;Praca na baterii mogłaby być dłuższa.;;;0;0;2016-10-11 19:34:49;
4531160;Radek;5/5;true;Telefon zgrabny , działa bez zastrzeżeń;;;0;1;2017-03-29 20:07:55;
4551395;Ten sam Tygrys;5/5;true;NAJLEPSZY!!!!!!!!!!!!!!!!!!!!!!!!!;;;0;0;2017-04-06 15:58:36;
5170457;Paweł;5/5;true;w 100% spełnia moje oczekiwania !;czas pracy na baterii funkcjonalność latwosc obslugi stabilność wygląd ;;0;0;2017-10-30 09:31:05;
4857298;kasia;5/5;true;świetny telefon, wart swojej ceny;;;0;0;2017-07-17 13:39:36;
4318219;Użytkownik Ceneo;5/5;true;Produkt bardzo dobry. Polecam 😄;;;1;1;2016-12-29 17:59:32;
3993774;Włodek;4/5;true;ok;funkcjonalność ;;1;1;2016-09-29 13:02:40;
4035898;Marcin;5/5;true;Praca na baterii mogłaby być dłuższa.;;;0;1;2016-10-11 19:34:27;
3959188;Użytkownik Ceneo;5/5;true;OK;funkcjonalność ;;0;0;2016-09-17 09:34:46;
4516230;kusha;5/5;true;sprawuje się bardzo dobrze;;;0;0;2017-03-23 15:31:48;
4312072;Łukasz;5/5;true;na pierwszy rzut oka jest fajny;;;0;1;2016-12-27 13:53:36;
4749905;Magda;4/5;true;Jestem zadowolona z zakupu;;;0;0;2017-06-12 08:53:55;
3894394;Romi;5/5;true;Rewelka.;funkcjonalność ;;1;4;2016-08-22 10:19:45;
3826221;Agaton;4,5/5;true;Super;funkcjonalność ;;1;4;2016-07-15 20:34:21;
6390100;Michał;5/5;true;Użytkuje tel. Już od ponad pół roku. Naprawdę super urządzenie. Do tej pory nie miałem zadnych problemow z telefonem.;aparat czas pracy na baterii funkcjonalność latwosc obslugi ładnie zdjecia nakładka systemowa normy wodoszczelności stabilność ;brak wbudowanego radia fm cena idiotycznie wysoka crapware czasami się zawiesza na kilka sekund mało odporny na upadek i uderzenia rysująca się osłona lampy błyskowej rysująca się osłona pulsometru rysujący się czytnik linii papilarnych ;0;0;2017-12-25 00:48:47;
3899014;Użytkownik Ceneo;5/5;true;ok;funkcjonalność ;;1;4;2016-08-24 10:41:50;
6252716;null;3/5;null;Samsung j5 2015 ogólnie sprawny lecz czasmi potrafi się zabijać lub całkowicie wyłączyć;rysujacy się aparat, ładnie zdjecia ;cena idiotycznie wysoka crapware czasami się zawiesza na kilka sekund funkcjonalność mało odporny na upadek i uderzenia rysująca się osłona lampy błyskowej rysująca się osłona pulsometru rysujący się czytnik linii papilarnych ;0;0;2017-11-25 12:53:36;
4535648;Użytkownik Ceneo;5/5;true;Świetny telefon.;;;0;0;2017-03-31 09:06:32;
4440578;klient;5/5;true;produkt spełnia rolę;;;0;1;2017-02-18 08:19:04;
4139112;Filip;5/5;true;Super lepszy od s6;;;0;1;2016-11-01 21:30:52;
5191817;ola;5/5;true;Super pecam;;funkcjonalność ;0;0;2017-11-06 11:49:25;
4953426;Tomasz;5/5;true;wszystko ok;czas pracy na baterii funkcjonalność latwosc obslugi stabilność wygląd ;;0;0;2017-08-17 18:11:09;
4492974;Maks;5/5;true;Wszystko ok;;;0;0;2017-03-14 15:19:58;
6234157;Dorota;5/5;true;Wspaiały;;;0;0;2017-11-21 11:38:40;
5187945;Piotr;5/5;true;polecam;czas pracy na baterii funkcjonalność latwosc obslugi stabilność wygląd ;;0;0;2017-11-04 09:30:41;
4808988;Maciej;5/5;true;super;;;0;0;2017-07-01 10:20:13;
4654827;Jurek;4/5;true;Spoko;;;0;0;2017-05-11 16:11:22;
4108718;Klaudia;4/5;true;Polecam;;;0;1;2016-10-26 21:52:09;
3763897;Użytkownik Ceneo;5/5;true;ok;funkcjonalność ;;1;8;2016-05-30 10:14:08;
4316927;Mateusz;5/5;true;Super produkt,mega szybki i do tego mocno rzuca się w oczy nie zależnie jaki kolor się wybierze;;;0;0;2016-12-29 10:57:44;
4324206;antoni;5/5;true;działa 1a;;;0;3;2017-01-02 11:18:10;
3816114;Joanna;5/5;true;Polecam;;;1;4;2016-07-09 21:54:01;
6402480;null;4/5;true;Ma świetny aparat. Łatwo się go trzyma, zdjęcia mają super jakość. Gorąco polecam!;;;0;0;2017-12-28 10:13:19;
5036104;Inne222;5/5;true;Doskonały, zarówno estetycznie, jak i funkcjonalnie. Cenowo również do przyjęcia.;brak wbudowanego radia fm cena idiotycznie wysoka crapware czas pracy na baterii funkcjonalność latwosc obslugi mało odporny na upadek i uderzenia stabilność ;;0;0;2017-09-13 20:13:28;
4323248;Ziom;0,5/5;false;Fatalna;;;0;3;2017-01-01 19:40:28;
4518358;Marecki;0,5/5;false;Super fon;;;0;1;2017-03-24 10:16:13;
6221855;Katarzyna;3,5/5;null;ładny wygląd dobrze się trzyma w dłoni ,robi cudowne fotki dla mnie idealmy;;czas pracy na baterii funkcjonalność wygląd ;0;0;2017-11-17 09:20:30;
3890513;xmen33*****;5/5;true;super;;;1;9;2016-08-19 10:22:50;
3851484;Użytkownik Ceneo;5/5;true;vsda dfdsaf dsaf sdaf;funkcjonalność ;;1;2;2016-07-29 15:39:26;
5204530;ANDRZEJ BHPAG;4,5/5;true;mam dopiero kilka godzin . Bedę obserwował;;;0;0;2017-11-09 10:21:23;
4698058;Arak;5/5;true;Telefon jak na tą cenę bezkonkurencyjny;;;0;0;2017-05-25 10:47:35;
3601440;Janek;4/5;true;Czy połaczenie tego urzadzenia jako okulary, jest zdrowe dla oczu? Czy nie jest to zbyt jasne światło?;;;3;24;2016-02-24 11:23:25;
4287713;Kazia;4,5/5;true;fajny telefon minus brak radia;;;0;2;2016-12-15 10:38:03;
4233473;tk;5/5;true;Świetnie działa i wygląda;;;0;1;2016-11-25 14:32:07;
4515002;Ula;5/5;true;bardzo dobra jakość.;;;0;0;2017-03-23 11:28:20;
4936408;U...o;5/5;true;bardzo wydajny;czas pracy na baterii funkcjonalność wygląd ;czasami się zawiesza na kilka sekund ;0;0;2017-08-11 12:31:13;
4414960;Adam;5/5;true;Wszystko OK;;;0;0;2017-02-08 14:42:28;
4000123;Użytkownik Ceneo;5/5;true;Niezłe cacko;;;0;2;2016-10-01 21:56:49;
