ID;AUTHOR;Score;IsRecomended;Summary;Advantages;Disadvantages;LikesCount;DislikesCount;CreateDate;
6418263;Marylka;5/5;true;Zacznijmy od sprawy podstawowej. Samsung Galaxy S8 to chyba najlepszy smartfon obecnej generacji. Nie jest to oczywiÅ›cie telefon pozbawiony wad. Ale oferuje najwiÄ™cej, jest niezawodny i wprost urzeka swoim piÄ™knem. MogÄ™ go Å›miaÅ‚o poleciÄ‡. WnÄ™trze Galaxy S8 jest flagowcem Samsunga, a z tym wiÄ…Å¼Ä… siÄ™ pewne oczekiwania. MogÄ™ jednak zarÄ™czyÄ‡, Å¼e moje zostaÅ‚y speÅ‚nione w 200%. Telefon jest szybki. Diablo szybki. Nawet przy kilkunastu dziaÅ‚ajÄ…cych w tle (i zasoboÅ¼ernych) aplikacjach nic nie chrupie, a telefon dziaÅ‚a tak, jakby 5 minut temu zostaÅ‚ wyjÄ™ty z pudeÅ‚ka. Nie wiem czy to zasÅ‚uga optymalizacji systemu operacyjnego czy po prostu obÅ‚Ä™dnie szybkich podzespoÅ‚Ã³w, ale naprawdÄ™ nie ma tu na co narzekaÄ‡. OÅ›miordzeniowy procesor, nowoczesny ukÅ‚ad graficzny i 4GB RAM-u spokojnie wystarczajÄ… nie tylko do codziennego uÅ¼ytkowania, ale nawet do doÅ›Ä‡ intensywnej pracy i grania. SGS8 daje nam teÅ¼ do dyspozycji 64GB pamiÄ™ci wewnÄ™trznej. Dodatkowo telefon nadal ma moÅ¼liwoÅ›Ä‡ rozszerzenia o kartÄ™ microSD. Z tego ostatniego faktu jestem naprawdÄ™ bardzo zadowolona. Niestety wiÄ™kszoÅ›Ä‡ smartfonÃ³w odchodzi od tego rozwiÄ…zania. A dla mnie duÅ¼o pamiÄ™ci wewnÄ™trznej naprawdÄ™ ma znaczenie. LubiÄ™ przechowywaÄ‡ na telefonie wszystkie posiadane audiobooki. O zdjÄ™ciach i filmach z moim kotem nawet nie wspominam. Minusem telefonu jest niestety gÅ‚oÅ›nik. Umieszczony na dole i raczej sÅ‚aby. W tym wypadku byÅ‚ to konieczny kompromis. Telefon jest odporny na wodÄ™ i kurz. Wszystkie smartfony, ktÃ³re posiadajÄ… tÄ™ funkcjÄ™ majÄ… raczej sÅ‚abe i maÅ‚e gÅ‚oÅ›niki. MyÅ›lÄ™, Å¼e w erze maleÅ„kich przenoÅ›nych gÅ‚oÅ›nikÃ³w bluetooth nie jest to duÅ¼y problem. No ale trzeba tÄ™ wadÄ™ odnotowaÄ‡. WyÅ›wietlacz i ergonomia Ekran Super AMOLED w Samsungu Galaxy S8 to â€“ moim zdaniem â€“ najlepszy wyÅ›wietlacz dostÄ™pny obecnie na rynku, bijÄ…cy iphoneâ€™owÄ… (i nie tylko) konkurencjÄ™ na gÅ‚owÄ™. I chyba nie jest to tylko moje subiektywne odczucie, bo goÅ‚e liczby, pokazujÄ…ce np. gÄ™stoÅ›Ä‡ pikseli albo odwzorowanie barw, wydajÄ… siÄ™ tÄ™ tezÄ™ potwierdzaÄ‡. Ekran urzeka swoim piÄ™knem, ale jest teÅ¼ bardzo funkcjonalny. Jest na tyle jasny, Å¼e moÅ¼na na nim Å›miaÅ‚o pracowaÄ‡ nawet przy mocnym Å›wietle (po prawdzie nie miaÅ‚am okazji sprawdziÄ‡ go w Å›rodku lata i w samo poÅ‚udnie, ale sÄ…dzÄ™, Å¼e daÅ‚by sobie radÄ™). Poza tym przez swoje rozmiary dostarcza znacznie wiÄ™cej przestrzeni na przeglÄ…danie stron internetowych, mediÃ³w spoÅ‚ecznoÅ›ciowych, itdâ€¦ Nie jest to moÅ¼e ten sam komfort jaki dajÄ… tablety albo phablety w rodzaju Galaxy Noteâ€™a, ale smartfonowa konkurencja pozostaje daleko w tyle. Ekran Galaxy S8 ma nieco inne wymiary niÅ¼ w poprzednich modelach. WyÅ›wietlacz zachowaÅ‚ szerokoÅ›Ä‡ modeli S7 i S6 (1440 pikseli), ale jest znacznie wyÅ¼szy (2960 pikseli). Zmiana wymiarÃ³w wyÅ›wietlacza ma pewnÄ… negatywnÄ… konsekwencjÄ™. Musimy siÄ™ nastawiÄ‡ na to, Å¼e niektÃ³re starsze aplikacje nie bÄ™dÄ… obsÅ‚ugiwaÄ‡ rozdzielczoÅ›ci telefonu, w zwiÄ…zku z czym obraz bÄ™dzie otoczony na dole i na gÃ³rze wÄ…skimi czarnymi paskami. Podobnie bÄ™dzie z wiÄ™kszoÅ›ciÄ… filmÃ³w wideo, jakie przyjdzie nam oglÄ…daÄ‡ na smartfonie. Jest to jednak bardzo maÅ‚a cena, w zamian dostajemy bowiem wiÄ™cej powierzchni ekranu, przy jednoczeÅ›nie bardzo dobrej ergonomii. WydÅ‚uÅ¼enie wyÅ›wietlacza wraz z zaokrÄ…gleniem ekranu bardzo pozytywnie wpÅ‚ynÄ™Å‚o na komfort uÅ¼ytkowania telefonu. SGS8 po prostu Å›wietnie leÅ¼y w rÄ™ce. Mimo, Å¼e mam dÅ‚onie raczej niewielkie bez problemu obsÅ‚ugujÄ™ go jednÄ… rÄ™kÄ… i jestem w stanie dosiÄ™gnÄ…Ä‡ prawym kciukiem lewej czÄ™Å›ci ekranu. Gorzej jest z dosiÄ™gniÄ™ciem czytnika linii papilarnych. Czytnik zostaÅ‚ przeniesiony na drugÄ… stronÄ™ telefonu, tuÅ¼ obok aparatu. A jako Å¼e telefon jest wysoki, nie zawsze jestem w stanie dosiÄ™gnÄ…Ä‡ czytnika palcem wskazujÄ…cym. Na szczÄ™Å›cie Samsung daÅ‚ nam do wyboru jeszcze dwa inne sposoby na biometryczne odblokowanie smartfona. MoÅ¼emy zatem skorzystaÄ‡ z czytnika siatkÃ³wki albo wykrywania twarzy. Ze wzglÄ™du na wygodÄ™ wybraÅ‚am rozwiÄ…zanie drugie, ktÃ³re okazaÅ‚o siÄ™ byÄ‡ niezawodne, bez wzglÄ™du na to pod jakim kÄ…tem trzymam telefon i czy mam na sobie makijaÅ¼. Bateria i Å‚adowanie PowiÄ™kszenie ekranu ma oczywiÅ›cie swojÄ… cenÄ™. Jest niÄ… zuÅ¼ycie baterii. ChciaÅ‚abym zaznaczyÄ‡, Å¼e nie jest pod tym wzglÄ™dem tragicznie â€“ jeszcze nigdy nie musiaÅ‚am Å‚adowaÄ‡ telefonu w ciÄ…gu dnia, a korzystam z niego doÅ›Ä‡ intensywnie. Ale nie jest teÅ¼ idealnie â€“ codzienne Å‚adowanie jest koniecznoÅ›ciÄ…. Na szczÄ™Å›cie choÄ‡ pojemnoÅ›Ä‡ baterii (relatywnie do zuÅ¼ycia energii przez telefon) nie imponuje, to bardzo dobre wraÅ¼enie robi szybkoÅ›Ä‡ jej Å‚adowania. Telefon obsÅ‚uguje Å‚adowanie indukcyjne (nie sprawdzaÅ‚am) i tzw. â€Å‚adowanie szybkieâ€. I rzeczywiÅ›cie nie jest to tylko chwyt marketingowy. ZaÅ‚adowanie baterii o pojemnoÅ›ci 3000 mAh od 10% do 100% trwa ok. 50 minut. Po raz pierwszy w Å¼yciu poczuÅ‚am, Å¼e podÅ‚Ä…czenie telefonu do Å‚adowarki na 5 minut ma sens, bo zapewnia nawet godzinÄ™ pracy pod sporym obciÄ…Å¼eniem. Aparat SGS8 wyposaÅ¼ony jest (jak znakomita wiÄ™kszoÅ›Ä‡ smartfonÃ³w) w dwa aparaty. GÅ‚Ã³wny ma rozdzielczoÅ›Ä‡ 12 megapikseli. PodajÄ™ tÄ™ informacjÄ™ tak dla porzÄ…dku, ale zaraz potem muszÄ™ stwierdziÄ‡, Å¼e nie ma to chyba wiÄ™kszego znaczenia. WidziaÅ‚am zdjÄ™cia robione na aparatach o wiÄ™kszej rozdzielczoÅ›ci i mogÄ™ Å›miaÅ‚o powiedzieÄ‡, Å¼e wyglÄ…daÅ‚y duÅ¼o gorzej. Aparat w Samsungu Galaxy S8 jest fenomenalny. Dowodzi to tylko, Å¼e obecnie kolejne megapiksele nie majÄ… wiÄ™kszego znaczenia, a liczy siÄ™ raczej charakterystyka sensorÃ³w, obiektywu, itdâ€¦ Pod tym wzglÄ™dem jest naprawdÄ™ dobrze, SGS8 ma jeden z lepszych aparatÃ³w dostÄ™pnych w smartfonie. Telefon ma jeszcze jeden aparat â€“ przedni. A wiÄ™c uÅ¼ywany do robienia selfie. Jako Å¼e selfie robiÄ™ bardzo rzadko, nie mogÄ™ na ten temat zbyt wiele powiedzieÄ‡. Ot, aparat jest, dziaÅ‚a, zdjÄ™cia majÄ… sensownÄ… rozdzielczoÅ›Ä‡ (8 megapikseli) i wyglÄ…dajÄ… Å‚adnie. Ale w kontekÅ›cie aparatÃ³w warto wspomnieÄ‡ o jeszcze jednej ciekawej funkcji. OtÃ³Å¼ aparat jest poÅ‚Ä…czony z nowym asystentem Samsunga â€“ Bixby. O samym asystencie napiszÄ™ niÅ¼ej, chciaÅ‚am tylko zaznaczyÄ‡, Å¼e Bixby potrafi rozpoznawaÄ‡ produkty znajdujÄ…ce siÄ™ na zdjÄ™ciach. Jest to pomocne podczas zakupÃ³w, jeÅ›li chcemy na szybko sprawdziÄ‡, czy towar znajdujÄ…cy siÄ™ na pÃ³Å‚ce sklepowej moÅ¼na dostaÄ‡ gdzieÅ› taniej. Niby drobiazg, ale uÅ¼yteczny. I jeszcze jedna ciekawostka, ktÃ³rÄ… zauwaÅ¼yÅ‚am po tym, jak kilkukrotnie nie trafiÅ‚am w czujnik linii papilarnych z tyÅ‚u telefonu. OtÃ³Å¼ szybka na obiektywie aparatu jest odporna na smugi i paluchowanie. Nie wiem jak tego dokonano, ale chciaÅ‚abym, Å¼eby caÅ‚y telefon byÅ‚ pokryty takim szkieÅ‚kiem. Bixby Samsung bardzo mocno promuje swojego elektronicznego asystenta. Niestety nie jest on jeszcze dostÄ™pny w jÄ™zyku polskim. Trudno, daÅ‚oby siÄ™ to jakoÅ› przeÅ¼yÄ‡... gdyby nie fakt, Å¼e telefon posiada osobny przycisk do uruchamiania asystenta. MoÅ¼e to moja niezgrabnoÅ›Ä‡, ale raz dziennie niechcÄ…cy wÅ‚Ä…czam Bixby'ego. I niepotrzebnie siÄ™ z tego powodu irytujÄ™. MyÅ›lÄ™, Å¼e Samsung mÃ³gÅ‚ nam tego oszczÄ™dziÄ‡. Akcesoria OstatniÄ… rzeczÄ… o ktÃ³rej chciaÅ‚abym wspomnieÄ‡ sÄ… genialne akcesoria. Nie miaÅ‚am jeszcze okazji wyprÃ³bowaÄ‡ DEX-a (stacji dokujÄ…cej zamieniajÄ…cej telefon w desktopa), za to dostaÅ‚am niedawno oficjalnÄ… okÅ‚adkÄ™ do SGS8 â€“ Clear View. I nie mogÄ™ wyjÅ›Ä‡ z zachwytu. Od lat zadziwia mnie, Å¼e ludzie pakujÄ… Å‚adnie wyglÄ…dajÄ…ce smartfony w paskudne okÅ‚adki ochronne i etui, ktÃ³re psujÄ… caÅ‚y urok telefonu. Samsung poszedÅ‚ po rozum do gÅ‚owy i zaoferowaÅ‚ coÅ›, co Å‚Ä…czy funkcjonalnoÅ›Ä‡ z estetykÄ…. Clear View przepuszcza Å›wiatÅ‚o z wyÅ›wietlacza, a przy tym jest minimalistyczna i wykonana z dobrych materiaÅ‚Ã³w. Idealnie pasuje do tego piÄ™knego telefonu. Podsumowanie Czy warto kupiÄ‡ Samsunga Galaxy S8? Tak. Czy po trzech miesiÄ…cach jestem zadowolona z telefonu? Tak. Czy telefon ma wady? Tak. Czy kiedykolwiek miaÅ‚am lepszy telefon? Nie. Czy SGS8 jest za drogi? WolaÅ‚abym, Å¼eby byÅ‚ za darmo, ale nie. Za jakoÅ›Ä‡ trzeba zapÅ‚aciÄ‡. PoniÅ¼sze zdjÄ™cie przedstawia telefon Samsung Galaxy S8 w okÅ‚adce Clear View (odsÅ‚oniÄ™tej) wraz z kotem. OkÅ‚adka Clear View i kot sÄ… sprzedawane oddzielnie.;4gb ram dobry aparat duÅ¼y ekran ekran ergonomia szybkie Å‚adowanie szybkoÅ›Ä‡ Å›wietne akcesoria wodoodporny ;bixby - brak jÄ™zyka polskiego czytnik linii papilarnych jest za wysoko sÅ‚aby gÅ‚oÅ›nik Åºle umiejscowiony skaner odciskÃ³w palcÃ³w ;2;0;2017-12-31 23:02:51;
4535912;W...d;5/5;true;Super ekran Amoled, 4GB ramu, szybkie Å‚adowanie, wydajnoÅ›Ä‡ i przede wszystkim wodoszczelnoÅ›Ä‡! Nic dodaÄ‡ nic ujÄ…Ä‡.;funkcjonalnoÅ›Ä‡ ;;11;23;2017-03-31 10:00:51;
4685510;venom;4/5;true;Telefon po 3 dniach sprzedaÅ‚em gdyÅ¼ okazaÅ‚ siÄ™ trochÄ™ za duÅ¼y. OgÃ³lnie S8 to solidny produkt z szeregiem zarÃ³wno zalet jak i wad. NajwaÅ¼niejsze zalety: - design - aparat przÃ³d i tyÅ‚ - wyÅ›wietlacz (zarÃ³wno jakoÅ›Ä‡ jak i barwy) - ergonomiczny ksztaÅ‚t - pÅ‚ynnoÅ›Ä‡ dziaÅ‚ania systemu (przynajmniej po wyjÄ™ciu z pudeÅ‚ka) - czas pracy na baterii lepszy niÅ¼ oczekiwaÅ‚em - sprawnie dziaÅ‚ajÄ…cy czytnik odciskÃ³w palca... Wady w moim odczuciu: - ... ale umiejscowiony w nieodpowiednim miejscu - cena 3500 jest przesadzona, dlatego kupiÅ‚em go znacznie taniej - Å›liski tyÅ‚ obudowy dodatkowo podatna na zarysowania - przycisk bixby ktÃ³rego nie da siÄ™ zbindowaÄ‡ - gÅ‚oÅ›niczek podczas odtwarzania dÅºwiÄ™kÃ³w powoduje Å¼e caÅ‚y telefon siÄ™ "trzÄ™sie" - brak diody IR Telefon oceniam 4/5, poniewaÅ¼ jest kilka mankamentÃ³w ktÃ³re mi nie odpowiadajÄ…, oczywiÅ›cie kaÅ¼dy moÅ¼e to postrzegaÄ‡ inaczej. Na pewno nie jest to produkt warty wydania 3500zÅ‚ bo taka cena jest sugerowanÄ… przez producenta i nie dajcie siÄ™ zmyliÄ‡ marketingiem w S8 nie ma NIC rewolucyjnego, zaokrÄ…glone krawÄ™dzie byÅ‚y juÅ¼ wczeÅ›niej, a Å¼e wÄ…skie ramki to ciekawy zabieg ale nic wiÄ™cej.;jakoÅ›Ä‡ wyÅ›wietlacza, ergonomiczny, design ;cena, Å›liski tyÅ‚ obudowy, 4gb ram, brak diody ir, szkÅ‚o podatne na zarysowania, gÅ‚oÅ›niczek ;11;7;2017-05-22 10:38:01;
4935305;Obserwator;3/5;null;MARZÄ˜ O TELEFONIE NA BATERIE PALUSZKI AAA!!! Jest tyle Å›wietnych akumulatorkÃ³w klasy AAA na rynku. WyobraÅºcie sobie brak koniecznoÅ›ci czekania na Å‚adowanie- wyciÄ…gasz paluszki i wymieniasz na naÅ‚adowane ze Å›ciennej Å‚adowarki. Albo zabierasz zapasowe ze sobÄ… bez stresu, Å¼e ci komÃ³rka siÄ…dzie. W razie czego zamiast aku wsadzasz zwykÅ‚Ä… bateriÄ™ kupionÄ… w byle kiosku. Podobnie jak rzesza innych uÅ¼ytkownikÃ³w nie rozumiem dlaczego jeszcze Å¼aden producent nie wyszedÅ‚ naprzeciw naszym oczekiwaniom mimo, Å¼e gruboÅ›Ä‡ AAA spokojnie na to pozwala. PrzecieÅ¼ to byÅ‚by bestseller. MOÅ»E SMARTFONIARZE RUSZÄ„ JAKÄ„Åš INICJATYWÄ˜ NA FEJSIE? WracajÄ…c do S8- Å¼aÅ‚ujÄ™ przesiadki z S7. ZwabiÅ‚ mnie Å‚adny, zakrzywiony ekran i jego wielkoÅ›Ä‡. Jest to jednak delikatna zabawka i trzeba siÄ™ z telefonem obchodziÄ‡ o wiele ostroÅ¼niej niÅ¼ z S7 ktÃ³rÄ… bez problemu mogÅ‚em opakowaÄ‡ w pancerny case chroniÄ…cy brzegi ekranu, nakleiÄ‡ diamond glassa. I nie przejmowaÄ‡ siÄ™ niczym przesadnio.;4gb ram gÅ‚oÅ›niczek latwosc obslugi wyglÄ…d ;;9;11;2017-08-11 09:30:10;
6296861;Beata;5/5;true;Po wczeÅ›niejszym samsungu galaxy s5, nadszedÅ‚ czas na wymianÄ™. KupiÅ‚am wÅ‚aÅ›nie ten telefon, jako Å¼e jego poprzednik do tej pory sprawuje siÄ™ doskonale, ale szukaÅ‚am czegoÅ› nowszego. Ekran - nie dzieje siÄ™ tak jak we wczeÅ›niejszym, Å¼e pod wpÅ‚ywem wody przestaje dziaÅ‚aÄ‡ dotyk, jednak kaÅ¼dy paproszek widaÄ‡ od razu przez 'rozpikselowanie' Czytnik palca w niewygodnym miejscu DziaÅ‚a bardzo szybko i pÅ‚ynnie Bixby - poraÅ¼ka, nie ma polskiego jÄ™zyka, a i angielki rozumie gorzej niÅ¼ zwykÅ‚y, stary zestaw gÅ‚oÅ›nomÃ³wiÄ…cy, nie rozrÃ³Å¼nia polskich imion, nie moÅ¼na wybraÄ‡ gÅ‚osowo poÅ‚Ä…czenia do kogoÅ›. Szybkie Å‚adowanie przy oryginalnej Å‚adowarce - samochodowÄ…, nie do samsunga ledwo co 4% przez pÃ³Å‚ godziny jazdy - ale wyskoczyÅ‚ monit Å¼eby uÅ¼yÄ‡ oryginalnej Å‚adowarki O miejscu na kartÄ™ pamiÄ™ci i sim nawet nie ma co wspominaÄ‡, straszny minus, wiotka ramka, dodatkowy 'dynks' do wyjmowania jej - nie zmienisz karty na wakacjach, najlepiej kup najwiÄ™kszÄ… na jakÄ… CiÄ™ staÄ‡.;4gb ram aparat przÃ³d aparat tyÅ‚ czas pracy na baterii dobry aparat duÅ¼y ekran funkcjonalnoÅ›Ä‡ gÅ‚oÅ›niczek latwosc obslugi porÄ™czny Å›wietny interfejs wyglÄ…d Åºle umiejscowiony skaner odciskÃ³w palcÃ³w ;bixby - brak jÄ™zyka polskiego, bixby - nie rozrÃ³Å¼nia polskich imion ;1;0;2017-12-06 03:05:55;
5833721;DawShaMir;4/5;true;PiÄ™kny ogromny wyÅ›wietlacz, ktÃ³ry znajduje siÄ™ na froncie urzÄ…dzenia. PiÄ™kny design, moÅ¼na siÄ™ na niego patrzeÄ‡ bezprzerwy. Praktycznie bezramkowy. SzkÅ‚o na przodzie praktycznie siÄ™ nie rysuje, natomiast z tyÅ‚u to dramat rysuje siÄ™ bardzo mocno. Cudowny aparat i z przodu i z tyÅ‚u. Szybkie Å‚adowanie, ktÃ³re bardzo siÄ™ przydaje gdyÅ¼ bateria w tym urzÄ…dzeniu jest na Å›rednim poziomie. Do tego sgs8 moÅ¼e byÄ‡ Å‚adowany bezprzewodowo oraz dziaÅ‚aÄ‡ jako maÅ‚y komputer! 4 gb ramu to zdecydowanie za maÅ‚o patrzÄ…c na note'a8 sgs8/s8+ radzi sobie bardzo Å›rednio. Bixby jest przydatne, ale bez polskiego jÄ™zyka jest bezsensowne. Umiejscowienie czytnika linii papilarnych to najwiÄ™kszy bÅ‚Ä…d doÅ›Ä‡ ciÄ™Å¼ko siÄ™ do niego dostaÄ‡, jest to spowodowane designem ktÃ³ry powoduje, Å¼e smartfon zyskuje w moich oczach. UrzÄ…dzenie jest doÅ›Ä‡ szybkie ale jednak tego ramu wÅ‚aÅ›nie trochÄ™ brakuje. Nowa nakÅ‚adka producenta jest Å›wietna odchudzona, piÄ™kna i powoduje Å¼e smartfon jest faktycznie klasy premium. GÅ‚oÅ›nik mono to za maÅ‚o, jest zbyt cichy i Å‚atwo go zakryÄ‡, ale za to sÅ‚uchawki doÅ‚Ä…czone do zestawu grajÄ… Å›wietnie. Trzeba podkreÅ›liÄ‡ Å¼e samsung nie pozbyÅ‚ siÄ™ mini-jacka. USB typu c jest bardzo dobrym rozwiÄ…zaniem. Wykonanie na wysokim poziomie upewnia mnie,Å¼e urzÄ…dzenie jest wodoodporne i pyÅ‚oodporne. Zakrzywiony ekran to coÅ› co ma tylko samsung i to jest dobre, coÅ› oryginalnego i bardzo przydatnego. Samsung galaxy s8 jest wedÅ‚ug mnie na rynku jednym z najlepszych smartfonÃ³w, mimo kilku wad uwaÅ¼am Å¼e warto go kupiÄ‡.;menu boczne na zakrzywionym ekranie ;4gb ram brak diody ir czas pracy na baterii gÅ‚oÅ›niczek Åºle umiejscowiony skaner odciskÃ³w palcÃ³w ;1;0;2017-11-16 12:16:45;
5037349;Piotr;3,5/5;null;Jestem roczarowany ergonomiÄ… Galaxy S8. NiektÃ³re rozwiÄ…zania irytujÄ… na codzieÅ„, a jakoÅ› recenzje niewiele o tym mÃ³wiÄ…. Przycisk na lewym boku jest tam gdzie spoczywa nasz kciuk i draÅ¼ni, a czasami uruchamia niepotrzebnie funkcjÄ™ Bixby. Skaner odciskÃ³w palca to totalna poraÅ¼ka - jest przy samym aparacie i albo brudzimy obiektyw albo nie moÅ¼na w niego trafiÄ‡. Sterowanie pod ekranem z S7 teraz jest na ekranie i trzeba je czÄ™sto "wyciÄ…gaÄ‡" WiÄ™kszoÅ›Ä‡ filmÃ³w ma format 16:9 a wiÄ™c i tak pozostajÄ… czarne pasy po obu stronach ekranu. Poza tym to bardzo efektowny i sprawny smartfon z dobrym aparatem i Å›wietnym ekranem, tylko ergonomicznie krok wstecz. Potrafi irytowaÄ‡, a kosztuje blisko 3,5 tysiÄ…ca zÅ‚.;4gb ram aparat tyÅ‚ czas pracy na baterii wyglÄ…d ;skaner odciskÃ³w palca ;1;0;2017-09-14 09:29:17;
6417697;Kamil;4,5/5;true;WyglÄ…d + co znajdziemy w opakowaniu : PiÄ™kny,kiedy odblokowuje telefon sam rozmiar wyÅ›wietlacza robi robotÄ™ co dopiero sama konstrukcja . PrzÃ³d pozbawiony fizycznych przyciskÃ³w , natomiast jest przycisk pod ekranem (rodem 3D touch z Iphone'Ã³w) co teÅ¼ jest ciekawym dodatkiem . PatrzÄ…c na tyÅ‚ urzÄ…dzenia widzimy aparat (nareszcie w ogÃ³lnie niewystajÄ…cy ) i tafle szkÅ‚a , ktÃ³ra oczywiÅ›cie bardzo siÄ™ palcuje (etui wymagane (zawsze dodatkowa ochrona)) . Telefon z tyÅ‚u i z przodu pokryty jest szkÅ‚em bo bokach metalowe ramki , metalowe przyciski . na gorze telefonu znajduje siÄ™ mikrofon , a na dole gÅ‚oÅ›nik , zÅ‚Ä…cze USB-C do Å‚adowanie oraz z moÅ¼liwoÅ›ciÄ… podÅ‚Ä…czenia innych urzÄ…dzeÅ„ (przejÅ›ciÃ³wki sÄ… w opakowaniu ) , oraz "jeszcze" mini-jack na sÅ‚uchawki , ktÃ³re otrzymujemy z logiem firmy AKG . SÄ… to sÅ‚uchawki z dobrym brzmieniem lekkim bassem , jedynym problem jaki z nimi mam to dÅ‚uga koÅ„cÃ³wka jack ktÃ³ra podczas trzymania telefonu w kieszeni siÄ™ lekko wygina i moÅ¼e spowodowaÄ‡ uszkodzenie sÅ‚uchawek Wygoda uÅ¼ytkowania : Dla mnie ten telefon jest bardzo dobrych rozmiarÃ³w nie za duÅ¼y (jak np Note 8 ) i nie za maÅ‚y .JeÅ¼eli ktoÅ› ma duÅ¼e rÄ™ce jak ja bÄ™dzie w niebo wziÄ™ty . Telefon moÅ¼na obsÅ‚ugiwaÄ‡ jednÄ… rÄ™kÄ… , ale moÅ¼e pojawiÄ‡ siÄ™ maÅ‚a przeszkoda - Å›liski tyÅ‚ . Powoduje wypadanie telefonu (2 razy mi spadÅ‚ na podÅ‚ogÄ™ ale nic siÄ™ nie staÅ‚o ). Bixby: Fajnie , Å¼e jest dziaÅ‚a naprawdÄ™ dobrze. ma duÅ¼o ciekawych funkcji jak np: odblokowywanie telefonu za pomocÄ… hasÅ‚a gÅ‚osowego czy nawet sterownie caÅ‚ym telefonu bez uÅ¼ycia rÄ…k , no ale jest w jÄ™zyka angielskim ( osobiÅ›cie mi to nie przeszkadza ale chciaÅ‚bym zobaczyÄ‡ jak Bixby mÃ³wi po Polsku i mÃ³c mÃ³wiÄ‡ o osobach o Polskim nazwisku miejscach i innych ) . Przycisk Bixby czasami siÄ™ myÅ›li z przyciskami zmiany gÅ‚oÅ›noÅ›ci , ale ten przycisk moÅ¼na zmieniÄ‡ do robienia czegoÅ› innego lub caÅ‚kowicie go wyÅ‚Ä…czyÄ‡ () GÅ‚oÅ›nik : No i tu jest sÅ‚abo . Pojedynczy gÅ‚oÅ›nik umiejscowiony na dole gra gÅ‚oÅ›no ale widziaÅ‚em lepsze . Czekam , aÅ¼ Samsung postanowi wprowadziÄ‡ tryb stereo , ktÃ³ry moÅ¼na juÅ¼ zrobiÄ‡ (forum xda pomaga )() Aparat : Tylny : Jeden aparat 12 Mpix F1.7 jest bardzo dobry . Nie jest idealny jak np : w Samsungu Galaxy Note 8 , ale w niczym mu nie ustÄ™puje . ZdjÄ™cia sÄ… ostre , kolory sÄ… nasycone a przyjemnoÅ›Ä‡ z robienia zdjÄ™Ä‡ jest jeszcze lepsza . Optyczny Autofocus - najszybszy na rynku robi takÅ¼e duÅ¼Ä… robotÄ™ . Przedni :ZdjÄ™cia selfie wychodzÄ… naprawdÄ™ dobrze co prawdo sÄ… troszeczkÄ™ mniej naturalne ze wzglÄ™du na wygÅ‚adzanie cery natomiast w niczym mi to nie przeszkadza (dodam ze wszystko moÅ¼na zmieniÄ‡ w aplikacji aparatu ) WiÄ™kszoÅ›Ä‡ zdjÄ™Ä‡ uÅ¼ywajÄ…c tego aparatu robiÄ™ na Snapchacie i tam aparat ten pokazuje swÃ³j pazur (filtry wyglÄ…dajÄ… mega ) Aplikacja Aparatu: Aplikacja bardzo dobrze zorganizowana wszystko jest na swoim miejscu , sÄ… fajne dodatkowe filtry + moÅ¼na wiÄ™cej Å›ciÄ…gnÄ…Ä‡ z Samsung Apps . Co prawda funkcji jest w niej naprawdÄ™ duÅ¼o ale lepszÄ… aplikacje uÅ¼ywaÅ‚em w telefonach LG - tam tryb profesjonalny jest naprawdÄ™ profesjonalny . Wideo : Filmy krÄ™cony aparatem sÄ… niezÅ‚e nie zawodzi tu stabilizacja obrazu jednakÅ¼e ubolewam , Å¼e niema 4k w 60 kl/s (Zero Camera Mod moÅ¼e to zmieniÄ‡ , ale KnoX)() Bateria : I to jest czuÅ‚y punkt tego telefonu . MoÅ¼na by rzec Å¼e czas okoÅ‚o +- 4,5 h w porywach do 6 (oczywiÅ›cie mÃ³wiÄ…c o uÅ¼ywaniu tego telefonu przez praktycznie caÅ‚y czas ) nie jest dobrym wynikiem . Wiemy co prawda Å¼e w trybie czuwania ten telefon spokojnie moÅ¼e przeÅ¼yÄ‡ 1 dzieÅ„ ale chyba nikt nie uÅ¼ywa telefonu tylko Å¼eby sprawdziÄ‡ godzinÄ™ . Dlatego teÅ¼ polecam zakup Power Banka ( uÅ¼ywam tego od Samsung dokÅ‚adnie (Samsung 10200mAh Czarny (EB-PG935BBEGWW)) i mogÄ™ wtedy normalnie uÅ¼ywaÄ‡ telefonu bez obawy na maÅ‚y procent baterii System : Android 7.0 jest naprawdÄ™ bardzo dobrze zbudowanym systemem . ZdarzajÄ… siÄ™ sporadyczne przyciÄ™cia animacji (szczegÃ³lnie podczas Å‚adowania ) , ale nie przeszkadza to w dziaÅ‚aniu telefonu . Nie doÅ›wiadczyÅ‚em jeszcze Å¼adnego przyciÄ™cia telefonu i mam nadziej ze bÄ™dzie tak przez dÅ‚ugi czas . Android 8.0 Beta - Czy zmieniÅ‚o siÄ™ tu duÅ¼o . PatrzÄ…c ogÃ³lnie na np zmiany kosmetyczne to tego nie widaÄ‡ . Natomiast uÅ›wiadczyÅ‚em naprawÄ™ poprawienia wydajnoÅ›ci systemu . Zero przyciÄ™Ä‡ lagÃ³w nic . OczywiÅ›cie jest parÄ™ bÅ‚Ä™dÃ³w ale zauwaÅ¼my ze jest to beta i po oficjalnemu wydaniu wszystko bÄ™dzie Å›migaÄ‡ Cena: Zakupu dokonaÅ‚em u operatora sieci T-mobile w cenie okoÅ‚o 3300 zÅ‚ . Wtedy wydawaÅ‚o mi siÄ™ , Å¼e jest to trochÄ™ duÅ¼o jak na taki telefon i jestem nadal jestem tego zdania , natomiast cena okoÅ‚o 2500 zÅ‚ jest naprawdÄ™ cenÄ… idealnÄ… za tak znakomity telefon. Tylko braÄ‡ i cieszyÄ‡ siÄ™ . Polecam i nie Å¼aÅ‚uje zakupu .;4gb ram cena dobry aparat duÅ¼y ekran mega Å‚adny porÄ™czny prestiÅ¼owy Å›wietny interfejs ;gÅ‚oÅ›niczek menu boczne na zakrzywionym ekranie ;1;0;2017-12-31 15:24:59;
6254104;olsson95;5/5;true;NajwiÄ™kszÄ… zaletÄ… sprzÄ™tu jest pÅ‚ynnoÅ›Ä‡, duÅ¼a pamiÄ™Ä‡, ekran oraz bateria. PÅ‚ynnoÅ›Ä‡, brak zawieszeÅ„ pozwala na przeglÄ…danie internetu i oglÄ…danie filmu. DuÅ¼a pamiÄ™Ä‡ wystarcza na zainstalowanie nam wystarczajÄ…cej iloÅ›ci aplikacji - gdzie po jej zapeÅ‚nieniu telefon nadal pÅ‚ynnie chodzi. Ekran ma bardzo Å‚adnÄ… barwÄ™, oczywiÅ›cie wszystko stworzone dla ludzi i moÅ¼na sobie dostosowaÄ‡ kolory i barwÄ™ wedÅ‚ug upodobaÅ„. Aparat robi bardzo Å‚adne i wyraÅºne zdjÄ™cia! Bateria Å‚aduje siÄ™ szybko i trzyma dÅ‚ugo. Bardzo duÅ¼Ä… zaletÄ… jest wyglÄ…d ! nowoczesny design, oraz ekran sprawia zachwyt u innych. MoÅ¼na byÄ‡ dumnym z posiadania takowego telefonu! Cena adekwatna do sprzÄ™tu!;4gb ram aparat przÃ³d aparat tyÅ‚ brak diody ir cena czas pracy na baterii dobry aparat duÅ¼y ekran funkcjonalnoÅ›Ä‡ gÅ‚oÅ›niczek latwosc obslugi menu boczne na zakrzywionym ekranie porÄ™czny skaner odciskÃ³w palca Å›liski tyÅ‚ obudowy Å›wietny interfejs wyglÄ…d Åºle umiejscowiony skaner odciskÃ³w palcÃ³w ;;1;0;2017-11-26 11:09:13;
6309895;Paul;2/5;false;ZacznÄ™ od najwaÅ¼niejszej wady. Galaxy S8 to ergonomiczna katastrofa. Ten telefon nie nadaje siÄ™ do uÅ¼ytkowania jednÄ… rÄ™kÄ…. Samsung powinien odkÅ‚adaÄ‡ pieniÄ…dze na fundusz rehabilitacji kciuka. Jeszcze w tym modelu jako tako da sie go obsÅ‚ugiwaÄ‡, natomiast wersjÄ™ Plus juÅ¼ totalnie nie da siÄ™ obsÅ‚ugiwaÄ‡. Telefon Å›lizga siÄ™ w rÄ™kach jak czÅ‚owiek chce siÄ™gnÄ…Ä‡ kciukiem na dÃ³Å‚ + odblokowaÄ‡ ekran. Wszystko w imiÄ™ chudych ramek, dla gimbazy. Reszty nie komentuje bo aktualnie 95% telefonÃ³w na rynku jest genialnie wyposaÅ¼ona. PS Powiem jedno, nawet babka na stoisku Samsunga mi przyznaÅ‚a racjÄ™, gdy jej to pokazaÅ‚em (Galaxy S8Plus), powiedziaÅ‚a "niech pan sprÃ³buje z tym mniejszym" i byÅ‚o delikatnie lepiej. Uprzedzam, mam dÅ‚oÅ„ dÅ‚ugoÅ›ci 20cm. Mam wraÅ¼enie, ze poÅ‚owa tutaj komentarzy jest wystawiana przez pracownikÃ³w Samsunga, ktÃ³rzy nie majÄ… co robiÄ‡ w godzinach pracy..;;;0;1;2017-12-08 09:36:48;
6412810;Adam;5/5;true;MiaÅ‚em okazjÄ™ przez tydzieÅ„ uÅ¼ywaÄ‡ tego smartfona. Jest rewelacyjny. CzerÅ„ bardzo elegancka, stylowa. Telefon dobrze trzyma siÄ™ w dÅ‚oni, jednak jednym minusem jest zakrzywiony ekran (chodzi o to, Å¼e czasem podczas zwykÅ‚ego trzymania w dÅ‚oni uruchamiajÄ… siÄ™ za dotkniÄ™ciem funkcje ktÃ³rych wcale nie chce wÅ‚Ä…czaÄ‡). Poza tym telefon idealny ! Odpowiendio duÅ¼y wyÅ›wietlacz, ciekawe kolory, Å›wietna jakoÅ›Ä‡. Co do aparatu - zdecydowanie najlepszy z atutÃ³w! Aparat robi fantastyczne zdjÄ™cia, dobrej ostroÅ›ci, o odpowiednich kolorach. Ma mnÃ³stwo ustawieÅ„ co zwiÄ™ksza jego atrakcyjnoÅ›Ä‡. Telefon ma duÅ¼o pamiÄ™ci wewnÄ™trznej dziÄ™ki czemu Å‚atwo moÅ¼na poÅ›ciÄ…gaÄ‡ sobie wiele gier i aplikacji (nie tnie siÄ™ podczas grania). Bateria mimo ciÄ…gÅ‚ego uÅ¼ywania wytrzymaÅ‚a bardzo dÅ‚ugo. Åadowanie trwa chwilkÄ™. Smartfon jest wydajny, szybki i doskonaÅ‚y. Nie ma w nim wad. GÅ‚oÅ›nik bardzo dobry, muzyka odtwrazana jak z radia (naprawdÄ™ gÅ‚oÅ›no i czysto). Ponadto nie szumi i nie trzeszczy ani nie przerywa podczas rozmÃ³w. Polecam !;;;0;0;2017-12-29 18:14:19;
6357814;Jerzy PopioÅ‚kiewicz;5/5;true;SamsungÃ³w uÅ¼ywam od bardzo dawna: najpierw byÅ‚ S2, potem S3, S4, S5, S6 Edge. W tzw. miÄ™dzyczasie takÅ¼e Note 4. S8 zrobiÅ‚ na mnie najwiÄ™ksze wraÅ¼enie (choÄ‡ np. Note4 miaÅ‚em przyjemnoÅ›Ä‡ testowaÄ‡ 2 miesiÄ…ce przed premierÄ… i jego wyÅ›wietlacz byÅ‚ wÃ³wczas jakby z innej planety). Jedyny problem to dziwaczna decyzja Samsunga o wykluczeniu wersji dual sim (G950FD) z rynku europejskiego. Na szczÄ™Å›cie moÅ¼na taki telefon dostaÄ‡ w Polsce. I taki wÅ‚aÅ›nie kupiÅ‚em i powiem tak: teraz to juÅ¼ jest IDEAÅ. Jasne - bateria mogÅ‚aby wytrzymywaÄ‡ 2 dni intensywnego uÅ¼ytkowania. Ale dla odmiany Å‚adowanie trwa chwilÄ™. PÃ³Å‚ godziny i z 30% mam 85. IstniejÄ… teÅ¼ powerbanki dla nerwowych. MÃ³gÅ‚by mieÄ‡ aparat taki jak Note8 czy inny iPhone X. Ale... zwyczajny "cykacz fotek" nie potrzebuje i nie uÅ¼ywa takich bajerÃ³w jak podwÃ³jne aparaty i jakieÅ› kosmiczne funkcje. To zabawki dla testerÃ³w, hejterÃ³w i blogerÃ³w. KrÃ³tko: nie zamieniÅ‚bym go na dokÅ‚adnie Å¼aden obecnie dostÄ™pny na rynku telefon.;4gb ram aparat tyÅ‚ czas pracy na baterii duÅ¼y ekran latwosc obslugi wyglÄ…d ;;0;0;2017-12-17 14:12:17;
6251085;wojtek;5/5;true;CiÄ™Å¼ko wybraÄ‡ czy opinia bÄ™dzie negatywna czy pozytywna, bo to najlepszy telefon jaki miaÅ‚em, ale... - Gorilla glass jakaÅ› poraÅ¼ka. MiaÅ‚em starego S Advance i wydawaÅ‚ siÄ™ trwalszy. NosiÅ‚em bez etui, w kieszeni/plecaku z gratami i ekran nie miaÅ‚ wielu rys. Do S8 kupiÅ‚em dedykowane zamykane etui i prawie go nie Å›ciÄ…gam i mam na ekranie kilka rys + jedna gÅ‚Ä™bsza w rogu ekranu... Nigdy nie spadÅ‚, nigdy nie wkÅ‚adaÅ‚em go do kieszeni bez etui. Chyba palcem go porysowaÅ‚em, albo Å›ciereczkÄ…. - Ekran mnie poczÄ…tkowo zaskoczyÅ‚ rewelacyjnÄ… jakoÅ›ciÄ… wyÅ›wietlania, teraz po 5 miesiÄ…cach widzÄ™, Å¼e siÄ™ dosÅ‚ownie wypala. Na biaÅ‚ym tle widaÄ‡ przyciski z Google Maps i Yanosika z ktÃ³rych nieraz korzystam i nie po 8-10h tylko by gdzieÅ› dojechaÄ‡, max 1-2h i to raz na jakiÅ› czas. SprawdÅºcie czy wam siÄ™ tak nie dzieje bo czytaÅ‚em, Å¼e to norma dla tych wyÅ›wietlaczy. NapisaÅ‚em do Samsunga, czekam 2 dzieÅ„ na odpowiedÅº, ale obawiam siÄ™ Å¼e nie podlega to gwarancji ze wzglÄ™du na "normalnoÅ›Ä‡ przy tego typu ekranach". Kurna rozumiem w telefonie za kilka stÃ³w, a nie we flagowcu za gruba kasÄ™. - Ledowe dedykowane etui, rysuje dolne rogi telefonu. Czasem go wyjmujÄ™ i widaÄ‡ wytarte punkty po obydwu stronach. Znowu nie spodziewaÅ‚em siÄ™ przy tego typu sprzÄ™cie. - MaÅ‚o RAMu, mam na nim 200mb zdjÄ™Ä‡, 500mb Aplikacji, 46GB wolnego miejsca i telefon potrafi zamulaÄ‡, reagowaÄ‡ z opÃ³Åºnieniem szczegÃ³lnie przy przeglÄ…daniu internetu, aplikacje czasami siÄ™ zawieszajÄ…, ekran nie reaguje i po chwili komunikat "aplikacja nie odpowiada i wybÃ³r co zrobiÄ‡" - Grzeje siÄ™, przy rozmowie Skype potrafi nieprzyjemnie grzaÄ‡ w rÄ™kÄ™. - Nie wiem od czego zaleÅ¼y, ale budzik czasami nie dzwoni i muszÄ™ nastawiaÄ‡ drugÄ… komÃ³rkÄ™ na wszelki wypadek. - WielkoÅ›Ä‡ ekranu ok, ale zagiÄ™te rogi go ograniczajÄ… i wiÄ™kszoÅ›Ä‡ filmÃ³w (moÅ¼na dopasowaÄ‡, ale ucina wideo), gier do niego nie pasuje i tak czy siak mamy wraÅ¼enie mniejszej wielkoÅ›ci. NiektÃ³re z tych rzeczy to czepialstwo, ale patrzÄ…c po 5 miesiÄ…cach uÅ¼ywania wiem, Å¼e lepiej spoÅ¼ytkowaÅ‚bym te pieniÄ…dze i wybraÅ‚ coÅ› innego (nie nie Iphona);;;0;0;2017-11-24 18:07:12;
6220538;Mati;5/5;true;Ekran jest the best! Co tu duÅ¼o mÃ³wiÄ‡ - Galaxy S8 to w mojej opinii najÅ‚adniejszy smartfon na rynku. WÄ…skie ramki, zaokrÄ…glone rogi wygiÄ™tego wyÅ›wietlacza, idealnie symetryczny ksztaÅ‚tâ€Šâ€”â€ŠcoÅ› piÄ™knego. Ogromny wyÅ›wietlacz rozciÄ…gniÄ™ty na niemal caÅ‚y front robi wraÅ¼enie. Obiektyw aparatu z generacji na generacjÄ™ wystaje z obudowy coraz mniej, a w S8 zostaÅ‚ niemal schowany, za co doceniam Samsunga, porÃ³wnujÄ…c do iPhone X ktÃ³ry cofnÄ…Å‚ siÄ™ do starych czasÃ³w gdzie aparat wystawaÅ‚ strasznie i robiÅ‚ zdjÄ™cia jak z mikrofalÃ³wki. Moim zdaniem jedyna wada to Åºle umiejscowiony skaner odciskÃ³w palcÃ³w.;aparat przÃ³d aparat tyÅ‚ czas pracy na baterii latwosc obslugi wyglÄ…d ;funkcjonalnoÅ›Ä‡ ;0;0;2017-11-16 19:35:40;
6440935;MichaÅ‚ L;4,5/5;true;O tym co ten telefon ma i potrafi moÅ¼na sobie poczytaÄ‡ w internecie. Jest masa recenzji i opisÃ³w. Ja przeszedÅ‚em z Galaxy S5 na S8 i podstawowa rÃ³Å¼nica to prÄ™dkoÅ›Ä‡ dziaÅ‚ania. Wszystko, co robiÄ™ na tym telefonie po prostu dziaÅ‚a. Klikam i jest. I to jest najlepszy feature. :) Co do wykonania i wizualnego aspektu telefonu - rewelacja. SprzÄ™t jest Å›wietny i Å‚adny. Jedynie co mi siÄ™ nie do koÅ„ca podoba to sam system. Moim zdaniem poruszanie siÄ™ po telefonie nie jest do koÅ„ca intuicyjne i jest troszkÄ™ chaotyczne. Ale to moÅ¼e byÄ‡ mÃ³j indywidualny problem. Polecam z czystym sumieniem.;aparat przÃ³d funkcjonalnoÅ›Ä‡ ;latwosc obslugi ;0;0;2018-01-05 17:12:52;
6356769;U...o;5/5;true;Witam moja opinia co do tego telefonu jest jak najbardziej pozytywna :Super wyÅ›wietlacz dziÄ™ki temu Å¼e nie ma obramowek jak w starszych modelach tylko czysty ekran nie jest za duÅ¼y mimo tego 4.8 cali mam maÅ‚e dÅ‚onie i na poczÄ…tku mnie przeraÅ¼aÅ‚o jak zobaczyÅ‚am ile ma ale wziÄ™Å‚am do rÄ™ki i jestem bardzo mile zaskoczona, atutem telefonu jest stabilizacja wideo dla obu aparatÃ³w.kontrola gÅ‚osowa - dla obu aparatÃ³w. Nagrywanie wideo 4K ma ten telefon mÃ³j kolega i ja rÃ³wnieÅ¼ myÅ›lÄ™ nad zakupem ale jak narazie zbieram fundusze. Polecam telefon wszystkim z czystym sumieniem;;;0;0;2017-12-16 22:17:56;
6304351;tomaszm1113;5/5;true;Åšwietny telefon i nie pisze tego dla nagrody moja dziewczyna posiada go od okoÅ‚o roku i jest megafon zadowolona duÅ¼y bez ramkowy wyÅ›wietlacz robi wraÅ¼enie na caÅ‚ym urzÄ…dzeniu jego dizajn i jakoÅ›Ä‡ wykonania stroi na wysokim poziomie bo wziÄ™ciu go do rÄ™ki czujemy Å¼e mamy doczynienia z czymÅ› drogim i solidnym bateria starcza na okoÅ‚o 2 dni aparat robi Å›wietne nasycone kolorami zdjÄ™cia czytnik lini papilarnych dziaÅ‚a na musniecie palcem szybki procesor 8 duza iloÅ›Ä‡ pamiÄ™ci czyni z tego telefonu demona szybkoÅ›ci i nie zawodnosci no i pogaty zestaw;;;0;0;2017-12-06 23:39:01;
6226507;joasia34;5/5;true;Nie potrafiÄ™ zbyt dobrze pisaÄ‡ opini jak i rÃ³wnieÅ¼ okreÅ›liÄ‡ co jest w telefonie wada a co zaletÄ…. Brak jemu wad. Ten Smartfon ğŸ“± okazaÅ‚ siÄ™ czymÅ› wiÄ™cej niÅ¼ telefon komÃ³rkowy. Jest to przyszÅ‚oÅ›Ä‡ caÅ‚ego spoÅ‚eczeÅ„stwa. WyglÄ…d S8 powala na nogi, ta pÅ‚ynnoÅ›Ä‡ dziaÅ‚ania, jakoÅ›Ä‡ wydobywanego dÅºwiÄ™ku, ekran ktÃ³ry wyglÄ…da niczym letnie popoÅ‚udnie w raju. Bateria ktÃ³ra przy ciÄ…gÅ‚ym uÅ¼ytkowaniu trzyma 24 h. Always on Display. Rewelacja! Cud miÃ³d i malina Warto zainwestowaÄ‡ w coÅ› na czym bÄ™dziemy mogli polegaÄ‡ i nas nie zawiedzie.;4gb ram aparat przÃ³d aparat tyÅ‚ czas pracy na baterii duÅ¼y ekran funkcjonalnoÅ›Ä‡ gÅ‚oÅ›niczek latwosc obslugi menu boczne na zakrzywionym ekranie skaner odciskÃ³w palca wyglÄ…d ;;0;0;2017-11-18 13:06:04;
6243383;kaniewski m;5/5;true;Telefon ten to jak na razie najmocniejszy w parametrach najestetyczniej wykony model z dostÄ™pnych flagowcÃ³w na rok 2017 zdjÄ™cia wykonane tym telefonem zaskakujÄ… wszystkich przy sÅ‚abym Å›wietle radzi sobie najlepiej makro ostre i wyraÅºne Å›miaÅ‚o moÅ¼na skanowaÄ‡ dokumenty pÅ‚ynne dziaÅ‚anie i praktyczne rozwiÄ…zanie przejÅ›cia z ekranu do menu gÅ‚Ã³wnego jest ekstra niema Å¼adnych przycinek nawet przy korzystaniu z kilku aplikacji.Ma tylko dwie wady BIXBY narzucajÄ…ce siÄ™ wszÄ™dzie, a nie dziaÅ‚ajÄ…ce w PL oraz dosyÄ‡ przeciÄ™tne 4k.;;;0;0;2017-11-23 07:03:03;
6227955;kcthc1998;5/5;true;To mÃ³j kolejny samsung Galaxy, najpierw byÅ‚ III, potem 6, a teraz czas na S8. Wszystko super, czytnik linii papilarnych dziaÅ‚a super (w s6 raz dziaÅ‚aÅ‚ raz nie), bateria starcza na 4 dni, ale moÅ¼e dlatego, Å¼e jeszcze go nie eksploatowaÅ‚am zbyt mocno. PolecaÅ‚ do niego etui Clear View Standing Cover, wyglÄ…da w nim nieziemsko.:) Aparat robi nieziemskie zdjÄ™cia nawet w nocy do tego jest bardzo porÄ™czny. Polecam z caÅ‚ego serca :);4gb ram aparat przÃ³d aparat tyÅ‚ brak diody ir czas pracy na baterii duÅ¼y ekran funkcjonalnoÅ›Ä‡ gÅ‚oÅ›niczek latwosc obslugi menu boczne na zakrzywionym ekranie skaner odciskÃ³w palca Å›liski tyÅ‚ obudowy wyglÄ…d Åºle umiejscowiony skaner odciskÃ³w palcÃ³w ;;0;0;2017-11-19 13:20:07;
4931096;Mirek;5/5;true;Taki telefon i tak musi obowiÄ…zkowo byÄ‡ zaopatrzony w cover ochronny, wiÄ™c tyÅ‚ moÅ¼e byÄ‡ wykonany ze Å›liskiego materiaÅ‚u. Chyba Å¼e ktoÅ› jest bogaty to moÅ¼e uÅ¼ytkowaÄ‡ telefon bez ochrony. MiaÅ‚em zamiar kupiÄ‡ SGS7 EDGE, gdyÅ¼ subiektywnie dla mnie oraz wiÄ™kszoÅ›ci moich znajomych jest zwyczajnie Å‚adniejszy i niewiele siÄ™ rÃ³Å¼ni od S7. Ze wzglÄ™du na stosunkwo niewielkÄ… rÃ³Å¼nicÄ™ ceny i wybralem S8.;4gb ram czas pracy na baterii funkcjonalnoÅ›Ä‡ gÅ‚oÅ›niczek latwosc obslugi Å›liski tyÅ‚ obudowy wyglÄ…d ;;1;0;2017-08-10 04:01:53;
4793329;Å»uku;5/5;true;Wreszcie telefon, ktÃ³ry wyglÄ…da nowoczeÅ›nie, a nie kanciasta cegÅ‚a, jak u konkurencji. Wydajny hardware, Å›liczny wyÅ›wietlacz i Å›wietny aparat. Jedyny minus jaki zauwaÅ¼yÅ‚em, to fakt, Å¼e ciÄ™Å¼ko go utrzymaÄ‡ w dÅ‚oni bo jest cienki i bardzo Å›liski. Ale to nie problem, bo wystarczy do kupiÄ‡ jakiÅ› pancerz poprawiajÄ…cy grip.;;;1;1;2017-06-26 21:45:28;
6259698;domitek;5/5;true;W momencie w ktÃ³rym pierwszy raz ujrzaÅ‚em S8 wiedziaÅ‚em Å¼e muszÄ™ go mieÄ‡ :D PosiadajÄ…c jeszcze wtedy S7 Edge zdecydowaÅ‚em siÄ™ na wymianÄ™ na S8 i powiem tak, to byÅ‚a jedna z najlepszych decyzji :D Telefon jest niesamowity, ekran, design, obudowa, wydajnoÅ›Ä‡... po prostu wszystko jest idealne :D Polecam kaÅ¼demu kto siÄ™ zastanawia, dopÃ³ki go nie przetestujesz wÅ‚asnorÄ™cznie, nie dowiesz siÄ™ jaka tkwi w nim magia :);4gb ram aparat przÃ³d aparat tyÅ‚ czas pracy na baterii duÅ¼y ekran funkcjonalnoÅ›Ä‡ latwosc obslugi wyglÄ…d ;;1;0;2017-11-28 03:43:15;
4972659;Janek;4,5/5;true;Aparat mi siÄ™ podoba, ma duÅ¼o rÃ³Å¼nych moÅ¼liwoÅ›ci z ktÃ³rymi siÄ™ dopiero zapoznajÄ™. WadÄ… jest to, Å¼e jest nieco Å›liski, co zwiÄ™ksza moÅ¼liwoÅ›Ä‡ wypadniÄ™cia z rÄ…k lub z kieszeni w spodniach, ale trzeba siÄ™ do tego przyzwyczaiÄ‡, bo wiÄ™kszoÅ›Ä‡ smartfonÃ³w rÃ³Å¼nych firm ma podobne cechy.;4gb ram aparat przÃ³d aparat tyÅ‚ brak diody ir czas pracy na baterii duÅ¼y ekran funkcjonalnoÅ›Ä‡ gÅ‚oÅ›niczek latwosc obslugi wyglÄ…d ;Å›liski tyÅ‚ obudowy ;0;0;2017-08-24 11:05:09;
4543051;Majkel;4,5/5;true;Samsung Galaxy S8 to po prostu kawaÅ‚ dobrego smartfona. DziaÅ‚a bardzo pÅ‚ynnie, zachwyca kolorami, po prosty przyjemnie siÄ™ go uÅ¼ywa. Aparat wykonuje bardzo Å‚adne zdjÄ™cia. Mam go dopiero od 2 dni, ale czujÄ™ Å¼ew to byÅ‚a bardzo udana inwestycja. WczeÅ›niej posiadaÅ‚em Galaxy S6 i galaxy S8 dziaÅ‚a znacznie szybciej, praktycznie siÄ™ nie zacina, nawet przy kilku ciÄ™zkich aplikacjach.;;;3;13;2017-04-04 08:46:34;
4724283;U...o;5/5;true;NaprawdÄ™ Samsung stanÄ…Å‚ na wysokoÅ›ci zadania, i model Galaxy S8 naleÅ¼y do bardzo udanych. Idealnie leÅ¼y w dÅ‚oni, jestem zaskoczony Å¼e w ogÃ³le siÄ™ nie grzeje w porÃ³wnaniu do np. S7. Przyzwoity czas pracy na baterii. Wysoka jakoÅ›Ä‡ wykonania i super design.;;;2;1;2017-06-02 19:19:25;
5081735;W...h;5/5;true;Jest to wspaniaÅ‚y telefon. Jego jpowaÅ¼nym konkurentem jest iPhone 8, ktÃ³ry jest duÅ¼o droÅ¼szy. Zdecydowanie polecam Samsunga S8 wszystkim, ktÃ³rzy nie widzÄ… problemu w uÅ¼ywaniu Androida. Aparat fotograficzny jest Å›wietny, a obiekty F1.7 to prawdziwa rewelacja.;;;0;0;2017-09-28 13:33:18;
5087517;G...z;4,5/5;true;Telefon prezentuje siÄ™ niesamowicie, chodzi pÅ‚ynnie, robi Å›wietne zdjÄ™cia, przyjemny interfejs, sÅ‚uchawki w zestawie grajÄ… bardzo fajnie. Przesiadka z iOS'a udana, chociaÅ¼ ciÄ™Å¼ko zmieniÄ‡ nawyki, ale wszystko jest kwestiÄ… czasu. Polecam!;4gb ram aparat przÃ³d aparat tyÅ‚ czas pracy na baterii duÅ¼y ekran funkcjonalnoÅ›Ä‡ latwosc obslugi wyglÄ…d ;gÅ‚oÅ›niczek Å›liski tyÅ‚ obudowy ;0;0;2017-09-30 18:37:01;
4946021;P...r;5/5;true;Telefon jest prze zaje**sty, wyglÄ…d super , wyÅ›wietlacz Å¼yleta, telefon super trzyma siÄ™ w dÅ‚oni , robi dobre fotki, jakoÅ›Ä‡ muzyki na najwyÅ¼szym poziomie, tylko ten skaner odciskÃ³w palca jest w zÅ‚ym miejscu;aparat tyÅ‚, aparat przÃ³d ;czas pracy na baterii funkcjonalnoÅ›Ä‡ gÅ‚oÅ›niczek latwosc obslugi Å›liski tyÅ‚ obudowy ;1;1;2017-08-16 09:09:49;
5108210;Ms;0,5/5;false;Telefon poraÅ¼ka, pieniÄ…dze wyrzucone w bÅ‚oto a Samsung wzorem sony umywa rÄ™ce. 2 telefony w firmie, obydwa po 3 miesiÄ…cach z peknietymi wyÅ›wietlaczami. OczywiÅ›cie jest to uszkodzenie mechaniczne, jeden spadÅ‚ z pÃ³Å‚ metra na drewnianÄ… podÅ‚ogÄ™, drugi wypadÅ‚ z rÄ™ki w samochodzie. Obydwa w oryginalnych etui. One nie sÄ… delikatne, sÄ… go#!@ warte !;funkcjonalnoÅ›Ä‡ ;czas pracy na baterii ;0;2;2017-10-08 10:49:04;
5201180;kris;4,5/5;true;szybkoÅ›Ä‡ dziaÅ‚ania telefonu robi wraÅ¼enie, choÄ‡ czÄ™Å›Ä‡ nowinek w obsÅ‚udze moÅ¼e irytowaÄ‡ (mam nadziejÄ™, Å¼e tylko w pierwszym dniach uÅ¼ytkowania) podobnie jak zmieniony ksztaÅ‚t wejÅ›cia microusb (kolejny kabelek w moim otoczeniu!);;;0;0;2017-11-08 13:05:23;
6307270;customer;4,5/5;true;Zalety: - wyÅ›wietlacz (wyraÅºny teÅ¼ pod sÅ‚oÅ„cem i nie rÃ³Å¼owy, w moim egzemplarzu) - szybkoÅ›Ä‡ dziaÅ‚ania aplikacji - aparat (kolory nieprzekÅ‚amane, ale intensywne, i ostroÅ›Ä‡ na razie aparat szybko Å‚apie, ale nie wiem jak to bÄ™dzie po dÅ‚uÅ¼szym uÅ¼ytkowaniu, bo podobno wada ostroÅ›ci aparatu w tym telefonie ujawnia siÄ™ po jakimÅ› czasie - aplikacje moÅ¼na teÅ¼ ustawiÄ‡ na pasku bocznym Wady: - Åºle umiejscowiony przycisk Bixby, ktÃ³ry jest moÅ¼e i przyszÅ‚oÅ›ciowy, ale pÃ³ki co przeszkadza i prrzycisk z tyÅ‚u ekranu - gorilla glass5 niemiÅ‚osiernie siÄ™ palcuje - gÅ‚oÅ›nik, ktÃ³ry Å‚atwo zasÅ‚oniÄ‡ rÄ™kÄ… - dÅºwiÄ™k;;;0;0;2017-12-07 15:17:20;
6246856;Dn;5/5;true;MiaÅ‚em juÅ¼ przyjemnoÅ›Ä‡ posiadaÄ‡ wiele smartfonÃ³w, jednak Samsung jeszcze nigdy mnie nie przekonaÅ‚ do swojego, aÅ¼ do teraz. Po pÃ³Å‚ roku uÅ¼ywania, z przyjemnoÅ›ciÄ… mogÄ™ powiedzieÄ‡, Å¼e to najlepszy smartfon jaki miaÅ‚em przyjemnoÅ›Ä‡ posiadaÄ‡. Telefon na prawdÄ™ wart jest swojej ceny, gorÄ…co polecam.;aparat przÃ³d aparat tyÅ‚ czas pracy na baterii funkcjonalnoÅ›Ä‡ latwosc obslugi wyglÄ…d ;;0;0;2017-11-23 18:17:48;
6232636;m kaczor7500;4,5/5;true;Jak na ten moment jeden z najlepszych smartfonÃ³w na rynku. Mocne zalety takie jak Å›wietne wykonanie, perfekcyjny wyÅ›wietlacz i dÅ‚ugi czas pracy na jednym Å‚adowaniu. Subiektywne wady w postaci braku drugiego aparatu i niewygodny w uÅ¼ytku czytnik linii papilarnych. OgÃ³lna ocena mocne 4,5.;wyglÄ…d ;;0;0;2017-11-20 21:28:03;
4703380;Mirek&Å»wirek;5/5;true;MyÅ›laÅ‚em Å¼e bÄ™dÄ… to pieniÄ…dze wydane w bÅ‚oto, jednak siÄ™ znacznie myliÅ‚em, telefon kupiÅ‚em nowy w salonie, takÅ¼e od nowoÅ›ci jest nie do zastÄ…pienia, dobry aparat, pÅ‚ynnoÅ›Ä‡ dziaÅ‚ania, moÅ¼liwoÅ›Ä‡ oglÄ…dania filmÃ³w w Full HD bez Å¼adnych przyciÄ™Ä‡, w dodatku jest wodoodporny!!! Polecam;;;0;0;2017-05-26 15:49:56;
5168452;Paulina;5/5;true;telefon idealny, bardzo szybko reaguje, niesamowity aparat !! zdjÄ™cia wychodzÄ… bardzo ostre, piÄ™kne odwzorowanie kolorÃ³w ! Polecam;aparat przÃ³d, aparat tyÅ‚, wyglÄ…d ;;1;0;2017-10-28 19:19:57;
6411759;Tomasz;4,5/5;true;Telefon uÅ¼ytkujÄ™ od tygodnia. DziaÅ‚a bez zarzutÃ³w. DokupiÅ‚em do tego etui pancerne ze szkÅ‚em. CaÅ‚oÅ›Ä‡ prezentuje siÄ™ i dziaÅ‚a dobrze. Bateria, pÃ³ki co, trzyma dobrze;;;0;0;2017-12-29 15:03:29;
6383031;Tomasz;4,5/5;true;Telefon uÅ¼ytkujÄ™ od tygodnia. DziaÅ‚a bez zarzutÃ³w. DokupiÅ‚em do tego etui pancerne ze szkÅ‚em. CaÅ‚oÅ›Ä‡ prezentuje siÄ™ i dziaÅ‚a dobrze. Bateria, pÃ³ki co, trzyma dobrze;;;0;0;2017-12-22 09:07:56;
6240031;rikoli;5/5;true;MyÅ›lÄ™, Å¼e wszyscy uÅ¼ytkownicy iPhone mogÄ™ byÄ‡ lekko zdziwieni, Å¼e to nie ich "JabÅ‚uszko" wymyÅ›liÅ‚o coÅ› tak fajnego z lepszym - bardziej otwartym - oprogramowaniem. Szczerze mogÄ™ poleciÄ‡ ten telefon za rÃ³wno ze wzglÄ™dÃ³w estetycznych, jak rÃ³wnieÅ¼ funkcjonalnych.;4gb ram aparat przÃ³d aparat tyÅ‚ czas pracy na baterii duÅ¼y ekran funkcjonalnoÅ›Ä‡ gÅ‚oÅ›niczek latwosc obslugi menu boczne na zakrzywionym ekranie skaner odciskÃ³w palca Å›liski tyÅ‚ obudowy wyglÄ…d Åºle umiejscowiony skaner odciskÃ³w palcÃ³w ;;0;0;2017-11-22 14:22:32;
6254428;Beata;4/5;true;telefon bardzo funkcjonaly zarowno dla profesjonalistow jak i "szarych" uÅ¼ytkownikÃ³w . Rewelacyjne kolory wyÅ›wietlacza i super zdjÄ™cia w rÃ³Å¼nych warunkach . Bateria trzyma krotko no ale cos za coÅ› . OgÃ³lnie polecam zarÃ³wno pod kÄ…tem aparatu jak i desingu .;4gb ram aparat przÃ³d aparat tyÅ‚ duÅ¼y ekran funkcjonalnoÅ›Ä‡ gÅ‚oÅ›niczek latwosc obslugi menu boczne na zakrzywionym ekranie skaner odciskÃ³w palca Å›liski tyÅ‚ obudowy wyglÄ…d Åºle umiejscowiony skaner odciskÃ³w palcÃ³w ;czas pracy na baterii ;0;0;2017-11-26 13:56:21;
4672890;Jacek;5/5;true;Samsung S8 w peÅ‚ni speÅ‚niÅ‚ moje oczekiwania. Jestem pod wraÅ¼eniem postÄ™pu jaki dokonaÅ‚ siÄ™ w firmie w ciÄ…gu ostatnich 5 lat.;;;1;0;2017-05-17 12:50:38;
6438120;Rafal;5/5;true;Telefon przyjechaÅ‚ z dystrybucji wÅ‚oskiej. Szybko zmieniÅ‚em soft na nasz rodzimy XEO. DziaÅ‚a bardzo przyjemnie, po dwoch dniach uÅ¼ytkowania jak wracam do swojej S7 to czuje rÃ³Å¼nicÄ™. S8 jest genialnym telefonem. Ale bateria mogÅ‚a by byÄ‡ lepsza.;aparat przÃ³d aparat tyÅ‚ dobry aparat duÅ¼y ekran funkcjonalnoÅ›Ä‡ latwosc obslugi porÄ™czny wyglÄ…d ;4gb ram czas pracy na baterii ;0;0;2018-01-05 10:35:38;
6251625;Mateusz;5/5;true;Jest to telefon bardzo funkcjonalny i przydatny w Å¼yciu codziennym. Ma bardzo dobre aparaty ktÃ³re pozwalajÄ… na zrobienie idealnego zdjÄ™cia. Cena nie jest wygÃ³rowana jak za taki telefon. Jego dziaÅ‚anie i pÅ‚ynnoÅ›Ä‡ pracy pozostajÄ… bez zarzutu.;4gb ram aparat przÃ³d aparat tyÅ‚ duÅ¼y ekran funkcjonalnoÅ›Ä‡ gÅ‚oÅ›niczek latwosc obslugi menu boczne na zakrzywionym ekranie skaner odciskÃ³w palca Å›liski tyÅ‚ obudowy wyglÄ…d Åºle umiejscowiony skaner odciskÃ³w palcÃ³w ;;0;0;2017-11-24 20:43:36;
6418247;Marylka;5/5;true;Zacznijmy od sprawy podstawowej. Samsung Galaxy S8 to chyba najlepszy smartfon obecnej generacji. Nie jest to oczywiÅ›cie telefon pozbawiony wad. Ale oferuje najwiÄ™cej, jest niezawodny i wprost urzeka swoim piÄ™knem. MogÄ™ go Å›miaÅ‚o poleciÄ‡. WnÄ™trze Galaxy S8 jest flagowcem Samsunga, a z tym wiÄ…Å¼Ä… siÄ™ pewne oczekiwania. MogÄ™ jednak zarÄ™czyÄ‡, Å¼e moje zostaÅ‚y speÅ‚nione w 200%. Telefon jest szybki. Diablo szybki. Nawet przy kilkunastu dziaÅ‚ajÄ…cych w tle (i zasoboÅ¼ernych) aplikacjach nic nie chrupie, a telefon dziaÅ‚a tak, jakby 5 minut temu zostaÅ‚ wyjÄ™ty z pudeÅ‚ka. Nie wiem czy to zasÅ‚uga optymalizacji systemu operacyjnego czy po prostu obÅ‚Ä™dnie szybkich podzespoÅ‚Ã³w, ale naprawdÄ™ nie ma tu na co narzekaÄ‡. OÅ›miordzeniowy procesor, nowoczesny ukÅ‚ad graficzny i 4GB RAM-u spokojnie wystarczajÄ… nie tylko do codziennego uÅ¼ytkowania, ale nawet do doÅ›Ä‡ intensywnej pracy i grania. SGS8 daje nam teÅ¼ do dyspozycji 64GB pamiÄ™ci wewnÄ™trznej. Dodatkowo telefon nadal ma moÅ¼liwoÅ›Ä‡ rozszerzenia o kartÄ™ microSD. Z tego ostatniego faktu jestem naprawdÄ™ bardzo zadowolona. Niestety wiÄ™kszoÅ›Ä‡ smartfonÃ³w odchodzi od tego rozwiÄ…zania. A dla mnie duÅ¼o pamiÄ™ci wewnÄ™trznej naprawdÄ™ ma znaczenie. LubiÄ™ przechowywaÄ‡ na telefonie wszystkie posiadane audiobooki. O zdjÄ™ciach i filmach z moim kotem nawet nie wspominam. Minusem telefonu jest niestety gÅ‚oÅ›nik. Umieszczony na dole i raczej sÅ‚aby. W tym wypadku byÅ‚ to konieczny kompromis. Telefon jest odporny na wodÄ™ i kurz. Wszystkie smartfony, ktÃ³re posiadajÄ… tÄ™ funkcjÄ™ majÄ… raczej sÅ‚abe i maÅ‚e gÅ‚oÅ›niki. MyÅ›lÄ™, Å¼e w erze maleÅ„kich przenoÅ›nych gÅ‚oÅ›nikÃ³w bluetooth nie jest to duÅ¼y problem. No ale trzeba tÄ™ wadÄ™ odnotowaÄ‡. WyÅ›wietlacz i ergonomia Ekran Super AMOLED w Samsungu Galaxy S8 to â€“ moim zdaniem â€“ najlepszy wyÅ›wietlacz dostÄ™pny obecnie na rynku, bijÄ…cy iphoneâ€™owÄ… (i nie tylko) konkurencjÄ™ na gÅ‚owÄ™. I chyba nie jest to tylko moje subiektywne odczucie, bo goÅ‚e liczby, pokazujÄ…ce np. gÄ™stoÅ›Ä‡ pikseli albo odwzorowanie barw, wydajÄ… siÄ™ tÄ™ tezÄ™ potwierdzaÄ‡. Ekran urzeka swoim piÄ™knem, ale jest teÅ¼ bardzo funkcjonalny. Jest na tyle jasny, Å¼e moÅ¼na na nim Å›miaÅ‚o pracowaÄ‡ nawet przy mocnym Å›wietle (po prawdzie nie miaÅ‚am okazji sprawdziÄ‡ go w Å›rodku lata i w samo poÅ‚udnie, ale sÄ…dzÄ™, Å¼e daÅ‚by sobie radÄ™). Poza tym przez swoje rozmiary dostarcza znacznie wiÄ™cej przestrzeni na przeglÄ…danie stron internetowych, mediÃ³w spoÅ‚ecznoÅ›ciowych, itdâ€¦ Nie jest to moÅ¼e ten sam komfort jaki dajÄ… tablety albo phablety w rodzaju Galaxy Noteâ€™a, ale smartfonowa konkurencja pozostaje daleko w tyle. Ekran Galaxy S8 ma nieco inne wymiary niÅ¼ w poprzednich modelach. WyÅ›wietlacz zachowaÅ‚ szerokoÅ›Ä‡ modeli S7 i S6 (1440 pikseli), ale jest znacznie wyÅ¼szy (2960 pikseli). Zmiana wymiarÃ³w wyÅ›wietlacza ma pewnÄ… negatywnÄ… konsekwencjÄ™. Musimy siÄ™ nastawiÄ‡ na to, Å¼e niektÃ³re starsze aplikacje nie bÄ™dÄ… obsÅ‚ugiwaÄ‡ rozdzielczoÅ›ci telefonu, w zwiÄ…zku z czym obraz bÄ™dzie otoczony na dole i na gÃ³rze wÄ…skimi czarnymi paskami. Podobnie bÄ™dzie z wiÄ™kszoÅ›ciÄ… filmÃ³w wideo, jakie przyjdzie nam oglÄ…daÄ‡ na smartfonie. Jest to jednak bardzo maÅ‚a cena, w zamian dostajemy bowiem wiÄ™cej powierzchni ekranu, przy jednoczeÅ›nie bardzo dobrej ergonomii. WydÅ‚uÅ¼enie wyÅ›wietlacza wraz z zaokrÄ…gleniem ekranu bardzo pozytywnie wpÅ‚ynÄ™Å‚o na komfort uÅ¼ytkowania telefonu. SGS8 po prostu Å›wietnie leÅ¼y w rÄ™ce. Mimo, Å¼e mam dÅ‚onie raczej niewielkie bez problemu obsÅ‚ugujÄ™ go jednÄ… rÄ™kÄ… i jestem w stanie dosiÄ™gnÄ…Ä‡ prawym kciukiem lewej czÄ™Å›ci ekranu. Gorzej jest z dosiÄ™gniÄ™ciem czytnika linii papilarnych. Czytnik zostaÅ‚ przeniesiony na drugÄ… stronÄ™ telefonu, tuÅ¼ obok aparatu. A jako Å¼e telefon jest wysoki, nie zawsze jestem w stanie dosiÄ™gnÄ…Ä‡ czytnika palcem wskazujÄ…cym. Na szczÄ™Å›cie Samsung daÅ‚ nam do wyboru jeszcze dwa inne sposoby na biometryczne odblokowanie smartfona. MoÅ¼emy zatem skorzystaÄ‡ z czytnika siatkÃ³wki albo wykrywania twarzy. Ze wzglÄ™du na wygodÄ™ wybraÅ‚am rozwiÄ…zanie drugie, ktÃ³re okazaÅ‚o siÄ™ byÄ‡ niezawodne, bez wzglÄ™du na to pod jakim kÄ…tem trzymam telefon i czy mam na sobie makijaÅ¼. Bateria i Å‚adowanie PowiÄ™kszenie ekranu ma oczywiÅ›cie swojÄ… cenÄ™. Jest niÄ… zuÅ¼ycie baterii. ChciaÅ‚abym zaznaczyÄ‡, Å¼e nie jest pod tym wzglÄ™dem tragicznie â€“ jeszcze nigdy nie musiaÅ‚am Å‚adowaÄ‡ telefonu w ciÄ…gu dnia, a korzystam z niego doÅ›Ä‡ intensywnie. Ale nie jest teÅ¼ idealnie â€“ codzienne Å‚adowanie jest koniecznoÅ›ciÄ…. Na szczÄ™Å›cie choÄ‡ pojemnoÅ›Ä‡ baterii (relatywnie do zuÅ¼ycia energii przez telefon) nie imponuje, to bardzo dobre wraÅ¼enie robi szybkoÅ›Ä‡ jej Å‚adowania. Telefon obsÅ‚uguje Å‚adowanie indukcyjne (nie sprawdzaÅ‚am) i tzw. â€Å‚adowanie szybkieâ€. I rzeczywiÅ›cie nie jest to tylko chwyt marketingowy. ZaÅ‚adowanie baterii o pojemnoÅ›ci 3000 mAh od 10% do 100% trwa ok. 50 minut. Po raz pierwszy w Å¼yciu poczuÅ‚am, Å¼e podÅ‚Ä…czenie telefonu do Å‚adowarki na 5 minut ma sens, bo zapewnia nawet godzinÄ™ pracy pod sporym obciÄ…Å¼eniem. Aparat SGS8 wyposaÅ¼ony jest (jak znakomita wiÄ™kszoÅ›Ä‡ smartfonÃ³w) w dwa aparaty. GÅ‚Ã³wny ma rozdzielczoÅ›Ä‡ 12 megapikseli. PodajÄ™ tÄ™ informacjÄ™ tak dla porzÄ…dku, ale zaraz potem muszÄ™ stwierdziÄ‡, Å¼e nie ma to chyba wiÄ™kszego znaczenia. WidziaÅ‚am zdjÄ™cia robione na aparatach o wiÄ™kszej rozdzielczoÅ›ci i mogÄ™ Å›miaÅ‚o powiedzieÄ‡, Å¼e wyglÄ…daÅ‚y duÅ¼o gorzej. Aparat w Samsungu Galaxy S8 jest fenomenalny. Dowodzi to tylko, Å¼e obecnie kolejne megapiksele nie majÄ… wiÄ™kszego znaczenia, a liczy siÄ™ raczej charakterystyka sensorÃ³w, obiektywu, itdâ€¦ Pod tym wzglÄ™dem jest naprawdÄ™ dobrze, SGS8 ma jeden z lepszych aparatÃ³w dostÄ™pnych w smartfonie. Telefon ma jeszcze jeden aparat â€“ przedni. A wiÄ™c uÅ¼ywany do robienia selfie. Jako Å¼e selfie robiÄ™ bardzo rzadko, nie mogÄ™ na ten temat zbyt wiele powiedzieÄ‡. Ot, aparat jest, dziaÅ‚a, zdjÄ™cia majÄ… sensownÄ… rozdzielczoÅ›Ä‡ (8 megapikseli) i wyglÄ…dajÄ… Å‚adnie. Ale w kontekÅ›cie aparatÃ³w warto wspomnieÄ‡ o jeszcze jednej ciekawej funkcji. OtÃ³Å¼ aparat jest poÅ‚Ä…czony z nowym asystentem Samsunga â€“ Bixby. O samym asystencie napiszÄ™ niÅ¼ej, chciaÅ‚am tylko zaznaczyÄ‡, Å¼e Bixby potrafi rozpoznawaÄ‡ produkty znajdujÄ…ce siÄ™ na zdjÄ™ciach. Jest to pomocne podczas zakupÃ³w, jeÅ›li chcemy na szybko sprawdziÄ‡, czy towar znajdujÄ…cy siÄ™ na pÃ³Å‚ce sklepowej moÅ¼na dostaÄ‡ gdzieÅ› taniej. Niby drobiazg, ale uÅ¼yteczny. I jeszcze jedna ciekawostka, ktÃ³rÄ… zauwaÅ¼yÅ‚am po tym, jak kilkukrotnie nie trafiÅ‚am w czujnik linii papilarnych z tyÅ‚u telefonu. OtÃ³Å¼ szybka na obiektywie aparatu jest odporna na smugi i paluchowanie. Nie wiem jak tego dokonano, ale chciaÅ‚abym, Å¼eby caÅ‚y telefon byÅ‚ pokryty takim szkieÅ‚kiem. Bixby Samsung bardzo mocno promuje swojego elektronicznego asystenta. Niestety nie jest on jeszcze dostÄ™pny w jÄ™zyku polskim. Trudno, daÅ‚oby siÄ™ to jakoÅ› przeÅ¼yÄ‡... gdyby nie fakt, Å¼e telefon posiada osobny przycisk do uruchamiania asystenta. MoÅ¼e to moja niezgrabnoÅ›Ä‡, ale raz dziennie niechcÄ…cy wÅ‚Ä…czam Bixby'ego. I niepotrzebnie siÄ™ z tego powodu irytujÄ™. MyÅ›lÄ™, Å¼e Samsung mÃ³gÅ‚ nam tego oszczÄ™dziÄ‡. Akcesoria OstatniÄ… rzeczÄ… o ktÃ³rej chciaÅ‚abym wspomnieÄ‡ sÄ… genialne akcesoria. Nie miaÅ‚am jeszcze okazji wyprÃ³bowaÄ‡ DEX-a (stacji dokujÄ…cej zamieniajÄ…cej telefon w desktopa), za to dostaÅ‚am niedawno oficjalnÄ… okÅ‚adkÄ™ do SGS8 â€“ Clear View. I nie mogÄ™ wyjÅ›Ä‡ z zachwytu. Od lat zadziwia mnie, Å¼e ludzie pakujÄ… Å‚adnie wyglÄ…dajÄ…ce smartfony w paskudne okÅ‚adki ochronne i etui, ktÃ³re psujÄ… caÅ‚y urok telefonu. Samsung poszedÅ‚ po rozum do gÅ‚owy i zaoferowaÅ‚ coÅ›, co Å‚Ä…czy funkcjonalnoÅ›Ä‡ z estetykÄ…. Clear View przepuszcza Å›wiatÅ‚o z wyÅ›wietlacza, a przy tym jest minimalistyczna i wykonana z dobrych materiaÅ‚Ã³w. Idealnie pasuje do tego piÄ™knego telefonu. Podsumowanie Czy warto kupiÄ‡ Samsunga Galaxy S8? Tak. Czy po trzech miesiÄ…cach jestem zadowolona z telefonu? Tak. Czy telefon ma wady? Tak. Czy kiedykolwiek miaÅ‚am lepszy telefon? Nie. Czy SGS8 jest za drogi? WolaÅ‚abym, Å¼eby byÅ‚ za darmo, ale nie. Za jakoÅ›Ä‡ trzeba zapÅ‚aciÄ‡. PoniÅ¼sze zdjÄ™cie przedstawia telefon Samsung Galaxy S8 w okÅ‚adce Clear View (odsÅ‚oniÄ™tej) wraz z kotem. OkÅ‚adka Clear View i kot sÄ… sprzedawane oddzielnie. (tylko mam nadziejÄ™, Å¼e moÅ¼liwoÅ›Ä‡ dodania zdjÄ™cia pojawi siÄ™ po wysÅ‚aniu opinii, bo na razie jej nie widzÄ™);wyglÄ…d, 4gb ram, funkcjonalnoÅ›Ä‡, ergonomia, szybkoÅ›Ä‡, Å›wietny interfejs, ekran, menu boczne na zakrzywionym ekranie, szybkie Å‚adowanie, wodoodporny, Å›wietne akcesoria ;bixby - brak jÄ™zyka polskiego, sÅ‚aby gÅ‚oÅ›nik, czytnik linii papilarnych jest za wysoko ;0;0;2017-12-31 22:53:15;
4703785;Maciek;5/5;true;Bardzo dobry telefon, flagowiec Samsunga wiec ma najlepsze mozliwe parametry. Aparat idealny, bezramkowosc robi wrazenie.;;;1;0;2017-05-26 18:53:42;
6253070;0ooli123;5/5;true;Telefon posiadaÅ‚ od ok. 2 tygodni. Na razie sprawuje siÄ™ rewelacyjnie. Na prawdÄ™ z przyjemnoÅ›ciÄ… z niego korzystam. Jest lekki oraz podrÄ™czny i co dla mnie najwaÅ¼niejsze robiÄ™ booskie fotki ;);mega Å‚adny, porÄ™czny, prestiÅ¼owy, dobry aparat, Å›wietny interfejs ;cena ;0;0;2017-11-25 16:25:41;
6259212;Kuba;5/5;true;Przy zakupie cechowaÅ‚em siÄ™ aparatem, wytrzymaÅ‚oÅ›ciÄ… na jednym Å‚adowaniu, duÅ¼ym ekranem jednoczeÅ›nie porÄ™cznym telefonem. Wszystkie te funkcjÄ™ speÅ‚nia tylko S8, dla mnie bezkonkurencyjny zwÅ‚aszcza patrzÄ…c na obecnÄ… cenÄ™.;aparat przÃ³d aparat tyÅ‚ czas pracy na baterii dobry aparat duÅ¼y ekran funkcjonalnoÅ›Ä‡ gÅ‚oÅ›niczek latwosc obslugi menu boczne na zakrzywionym ekranie porÄ™czny prestiÅ¼owy wyglÄ…d ;Åºle umiejscowiony skaner odciskÃ³w palcÃ³w ;0;0;2017-11-27 21:25:05;
6236888;Jacek;4,5/5;true;KupiÅ‚em Samsung Galaxy S8 Dual-sim G950FD 64GB 4GB Ram w maju 2017 na jednym z zagranicznych serwisÃ³w aukcyjnych gdyÅ¼ w Polsce byÅ‚ niedostÄ™pny w wersji na dwie karty sim. Jest to najlepszy smartfon jakiego uÅ¼ywaÅ‚em. ÅÄ…czy duÅ¼e moÅ¼liwoÅ›ci, Å›wietny design, w "mÄ™skiej" obudowie- to znaczy jest dÅ‚ugi ale jednoczeÅ›nie wÄ…ski- nie trzeba uÅ¼ywaÄ‡ damskiej torebki aby go nosiÄ‡ w miarÄ™ wygodnie (ja preferujÄ™ kieszeÅ„ koszuli i tam mieÅ›ci siÄ™ idealnie). JednoczeÅ›nie zapewnia pole obrazowe umoÅ¼liwiajÄ…ce korzystanie z rÃ³Å¼nych aplikacji z wzglÄ™dnym komfortem gdy zajdzie taka koniecznoÅ›Ä‡ (np. office, CAD) trzeba pamiÄ™taÄ‡, Å¼e to nie jest komputer stacjonarny i nigdy nie zapewni komfortu jak ekran 34''. Dla mnie warunkiem brzegowym byÅ‚o aby obsÅ‚ugiwaÅ‚ 2 karty bo nie chcÄ™ nosiÄ‡ 2 telefonÃ³w- prywatnego i sÅ‚uÅ¼bowego. Niestety w tym modelu Samsung na fali minimalizacji "straty" miejsca zastosowaÅ‚ szufladkÄ™ umoÅ¼liwiajÄ…cÄ… tylko pracÄ™ z dwoma kartami SIM lub z 1 kartÄ… SIM i 1 kartÄ… pamiÄ™ci microSD. RozwiÄ…zanie w moim starym Samsungu S4 mini Duos byÅ‚o znacznie lepsze- bo byÅ‚y 3 sloty na 2 karty SIM i na 1 pamiÄ™Ä‡ microSD. Drugi minus dla tego telefonu to spadek gÅ‚oÅ›noÅ›ci po ok 5 miesiÄ…cach uÅ¼ytkowania Å¼eby sÅ‚yszeÄ‡ co ktoÅ› mÃ³wi muszÄ™ uruchamiaÄ‡ gÅ‚oÅ›nik - po naprawie toru audio w serwisie sÅ‚yszalnoÅ›Ä‡ bez poprawy (podejrzewam, Å¼e przyczyna leÅ¼y w aktualizacji BIOS-u) przy okazji okazaÅ‚o siÄ™, Å¼e gwarancja nie obowiÄ…zuje w Europie???. Kolejna wada przycisk Bixby ktÃ³ry mnie irytuje bo czÄ™sto uruchamia mi siÄ™ niepotrzebnie ze wzglÄ™du na lokalizacjÄ™ w rejonie gdzie wygodnie jest trzymaÄ‡ telefon.;aparat przÃ³d aparat tyÅ‚ czas pracy na baterii funkcjonalnoÅ›Ä‡ latwosc obslugi wyglÄ…d ;;0;0;2017-11-21 23:41:56;
4761545;share28;5/5;true;Telefon posiadam od 2 miesiÄ™cy, przez ten czas bardzo go polubiÅ‚em, obcowanie z nim sprawia mi duzo przyjemnoÅ›ci. Wspaniale lezy w dÅ‚oni, miÅ‚y w dotyku, cieszy oko ;). DziaÅ‚a bardzo pÅ‚ynnie choÄ‡ czasami zdarzajÄ… siÄ™ lagi w pÅ‚ynnoÅ›ci systemu ( przechodzenie z ekranu do ekranu, klawiatura lubi siÄ™ porzÄ…dnie przyciÄ…Ä‡ itp.), jednak w ogÃ³lnym rozrachunku wszystko wychodzi na duÅ¼y plus. Bateria trzyma przy duÅ¼ym obciÄ…Å¼eniu nawet 2 dni. Mimo Å¼e mam sporej wielkoÅ›ci dÅ‚onie zdarzajÄ… mi siÄ™ problemy z komfortowym korzystaniem z telefonu jednÄ… rÄ™kÄ…. Skaner tÄ™czÃ³wki dziaÅ‚a tak sobie czasem jest pÅ‚ynny i piekielnie szybki, a czasami zupeÅ‚nie kapituluje i trzeba posiÅ‚kowaÄ‡ siÄ™ skanerem odciskÃ³w palca, ten natomiast dziaÅ‚a genialnie, nie potwierdzam opinii Å¼e jego umiejscowienie jest niekomfortowe podczas uÅ¼ytkowania. Po tych 2 miesiÄ…cach od zakupu mogÄ™ powiedzieÄ‡ Å¼e jego poÅ‚oÅ¼enie jest dla mnie wygodne i intuicyjne. Korzystanie z telefonu tp prawdziwa przyjemnoÅ›Ä‡. Polecam nawet za kwotÄ™ 3,500 zÅ‚.;;;3;0;2017-06-15 12:07:20;
6277933;Grzegorz;2/5;false;Zdecydowanie przereklamowany telefon. Tak zÅ‚ego dÅºwiÄ™ku z gÅ‚oÅ›nikÃ³w to dawno nie sÅ‚yszaÅ‚em. Obudowa rysuje siÄ™ od pierwszego dnia. I wszystko niewygodne. BÅ‚Ä…d zrobiÅ‚em kupujÄ…c. Debilny skaner palca z tyÅ‚u, niewygodny w uÅ¼ywaniu.;;latwosc obslugi ;0;0;2017-12-01 02:54:31;
5064716;GromeQ;5/5;true;Produkt jest zgodny ze swoim opisem. KomÃ³rka wykorzystuje kaÅ¼dy kawaÅ‚ek swojej powierzchni i jest bardzo porÄ™czna.;4gb ram aparat przÃ³d aparat tyÅ‚ czas pracy na baterii duÅ¼y ekran funkcjonalnoÅ›Ä‡ gÅ‚oÅ›niczek latwosc obslugi Å›liski tyÅ‚ obudowy wyglÄ…d ;brak diody ir ;0;0;2017-09-22 12:51:46;
5043786;Mateo;5/5;true;Telefon godny polecenia, PrzesiadÅ‚em siÄ™ z Iphona 6s i nie Å¼aÅ‚ujÄ™ ani trochÄ™, telefon speÅ‚nia moje oczekiwania;4gb ram aparat przÃ³d aparat tyÅ‚ brak diody ir czas pracy na baterii duÅ¼y ekran funkcjonalnoÅ›Ä‡ gÅ‚oÅ›niczek latwosc obslugi skaner odciskÃ³w palca Å›liski tyÅ‚ obudowy wyglÄ…d Åºle umiejscowiony skaner odciskÃ³w palcÃ³w ;;1;1;2017-09-15 18:01:04;
6255459;BraveTomato;5/5;true;To, Å¼e to czysta perfekcja - to wielu juÅ¼ napisaÅ‚o. Szkoda, Å¼e Samsung nie wprowadziÅ‚ do Europy wersji dual sim (G950FD). Na szczÄ™Å›cie sÄ… takowe dostÄ™pne - import z Azji. I w tej wersji to dla mnie telefon ideaÅ‚.;4gb ram aparat przÃ³d aparat tyÅ‚ dobry aparat duÅ¼y ekran funkcjonalnoÅ›Ä‡ latwosc obslugi menu boczne na zakrzywionym ekranie skaner odciskÃ³w palca Å›wietny interfejs wyglÄ…d ;Å›liski tyÅ‚ obudowy ;0;0;2017-11-26 23:32:14;
6219975;mateusz34 1996;5/5;true;Samsung Galaxy S 8 Przede wszystkim ekran robi piorunujÄ…ce wraÅ¼enie, kolorystycznie, jakoÅ›ciowo, wszystko prezentuje siÄ™ doskonale i na kaÅ¼dym potrafi zrobiÄ‡ wraÅ¼enie, zaokrÄ…glone brzegi ekranu dodajÄ… uroku i jednoczeÅ›nie nie przeszkadzajÄ… w uÅ¼ytkowaniu telefonu. System chodzi stabilnie a aparat to kwintesencja mobilnoÅ›ci, bardzo duÅ¼a moÅ¼liwoÅ›Ä‡ ustawieÅ„ manualnych. Bateria o dziwo trzyma dÅ‚ugo, przy ciÄ…gÅ‚ym korzystaniu z wielu aplikacji, sÅ‚uchaniu muzyki moÅ¼na Å›miaÅ‚o operowaÄ‡ telefonem caÅ‚y dzieÅ„. Åadowanie telefonu jest szybki, system chodzi stabilnie, pÅ‚ynnie i siÄ™ nie wiesza. Wszelkie aplikacje uruchamiajÄ… siÄ™ szybko, najbardziej wymagajÄ…ce gry chodzÄ… bez przycinki. SÅ‚uchawki doÅ‚Ä…czone do zestawu sÄ… wykonane z bardzo dobrych materiaÅ‚Ã³w, jednakÅ¼e muzyka ktÃ³ra z nich pÅ‚ynie nie robi wraÅ¼enia na jakie siÄ™ spodziewaÅ‚em, muzyka jakoÅ›ciowo jest genialna jednak brakuje trochÄ™ basu i wiÄ™kszej gÅ‚oÅ›noÅ›ci. JeÅ›li chodzi o negatywne sugestie to przede wszystkim warto zaopatrzyÄ‡ siÄ™ w etui na przÃ³d i tyÅ‚ telefonu poniewaÅ¼ telefon rysuje siÄ™ z byle powodu.. Dodatkowo podczas oglÄ…dania filmu na YT czy bezpoÅ›rednio z galerii w momencie kiedy wÅ‚Ä…czymy wypeÅ‚nianie ekranu to problem sprawiaÄ‡ moÅ¼e nam suwak od przesuwania filmu poniewaÅ¼ jest on maÅ‚o widoczny z doÅ‚u telefonu i niekomfortowy. Dodam teÅ¼ fakt iÅ¼ telefon jest Å›liski i bez etui Å‚atwo wyÅ›lizguje siÄ™ z rÄ…k. ReasumujÄ…c - telefon jest Å›wietny, polecam z czystym sumieniem. Jednak za te cenÄ™ oczekiwaÅ‚em solidnej, odpornej na zarysowania bryÅ‚y. Telefon robi wraÅ¼enie, widoczny jest postÄ™p technologiczny ze strony Samsunga, urzÄ…dzenie jest funkcjonalne i szybkie. Obecnie najlepszy telefon na rynku, moja ocena 9,5/10;;;1;0;2017-11-16 17:00:46;
4939365;kaczka1246;4,5/5;true;NaprawdÄ™ godny polecenia telefon. Bardzo fajny w obsÅ‚udze wszystko jest zrobione przejrzyÅ›cie, wiÄ™c Å‚atwo siÄ™ go obsÅ‚uguje. Cena trochÄ™ zniechÄ™ca ale za dobre trzeba zapÅ‚aciÄ‡;czas pracy na baterii gÅ‚oÅ›niczek latwosc obslugi wyglÄ…d ;;0;0;2017-08-12 18:49:07;
6412947;PaweÅ‚ W.;5/5;true;Telefon Å›wietny! Mega szybki, aparat jako aplikacja nie doÅ›Ä‡ Å¼e bardzo szybko siÄ™ wÅ‚Ä…cza to jeszcze autofocus najszybszy jaki miaÅ‚em. KupiÅ‚em go po kilku latach uÅ¼ywania iPhone'Ã³w i nie byÅ‚o nawet sekundy w ktÃ³rej bym Å¼aÅ‚owaÅ‚ zakupu... Dobrze wyprofilowany i mega porÄ™czny - do tego stopnia Å¼e przesiadka z 4calowego iPhone'a 5S nie stanowiÅ‚a najmniejszego problemu. Mega intuicyjne menu, brakuje obsÅ‚ugi gestÃ³w w niektÃ³rych aplikacjach ale moÅ¼na siÄ™ do tego Å‚atwo przyzwyczaiÄ‡. MoÅ¼liwoÅ›ci personalizacji bardzo duÅ¼e. Bixby coÅ› czego siÄ™ wiÄ™kszoÅ›Ä‡ boi nie jest takie straszne a nawet przydatne, moÅ¼na spersonalizowaÄ‡ pod siebie w caÅ‚oÅ›ci interfejs a przycisk dedykowany dla Bixby moÅ¼na wyÅ‚Ä…czyÄ‡ co uchroni nas przed przypadkowym uruchamianiem. Allways On Display - bardzo Å›wietna funkcja - korzysta w bardzo niewielkim stopniu z baterii (jestem w stanie uwierzyÄ‡, Å¼e jest to 1% na godzinÄ™) dziÄ™ki tej funkcji moÅ¼na niemal caÅ‚kowicie zrezygnowaÄ‡ z diody powiadomieÅ„. JedynÄ… wadÄ… dla mnie wydaje siÄ™ byÄ‡ bateria... Wytrzymuje od rana do wieczora bez problemu ale wiÄ™cej siÄ™ z niej nie wyciÅ›nie, uÅ¼ywam caÅ‚y czas przy rozdzielczoÅ›ci FHD, natomiast z ratunkiem przychodzi nam doÅ‚Ä…czona w zestawie Å‚adowarka wspierajÄ…ca szybkie Å‚adowanie, potrawi z 10% baterii naÅ‚adowaÄ‡ telefon w 1h 40minut! :O NiezÅ‚y wynik. PS wracajÄ…c jeszcze do aparatu, to co piszÄ… w internecie to prawda... NAJLEPSZY na rynku aktualnie!;4gb ram aparat przÃ³d aparat tyÅ‚ czas pracy na baterii dobry aparat duÅ¼y ekran funkcjonalnoÅ›Ä‡ latwosc obslugi mega Å‚adny menu boczne na zakrzywionym ekranie porÄ™czny prestiÅ¼owy Å›wietny interfejs wyglÄ…d ;gÅ‚oÅ›niczek ;0;0;2017-12-29 18:43:40;
6219958;mateusz34 1996;5/5;true;Åšwietna, wszystkomajÄ…ca eSka Samsunga. Ã“smÄ… GalaktykÄ™ mogÄ™ poleciÄ‡ przede wszystkim za energonomiÄ™ trzymania w rÄ™ku, pomimo tak ogromnego wyÅ›wietlacza i samÄ… jakoÅ›Ä‡ Super Amoledowego wyÅ›wietlacza. Jego niezliczone i bardzo przydatne funkcje, np. podÅ›wietlenie krawÄ™dziowe, AoD, kompas, zagiÄ™ty ekran i jego ogromna rozdzielczoÅ›Ä‡ (wsparcie dla materiaÅ‚Ã³w HDR10, Dolby Vision i gogle VR wÅ‚Ä…cznie), to tylko niektÃ³re z jego morza zalet. Nawet po tygodniu uÅ¼ytkowania nie zdoÅ‚aÅ‚em odkryÄ‡ wszystkich jego przydatnych i uÅ¼ytecznych funkcji. Do minusÃ³w zaliczyÅ‚bym zbyt maÅ‚Ä… pojemnoÅ›Ä‡ baterii, z ktÃ³rÄ… smartfon wytrzymuje okoÅ‚o 1.5 dnia w trybie bardzo niskiego zuÅ¼ycia energii (SOT to 4 - 4.5h) oraz Åºle umiejscowiony skaner odciskÃ³w palcÃ³w. Pomimo tych drobnych i wybaczalnych bolÄ…czek polecam jego zakup, jako wÅ‚aÅ›ciciel.;;;0;0;2017-11-16 16:56:51;
4973319;Nikolas;5/5;true;Åšwietny telefon jak widaÄ‡. PiÄ™kny wyglÄ…d Dobra jakoÅ›Ä‡. Firma sprzedajÄ…ca rÃ³wnieÅ¼ warta polecania;;;0;0;2017-08-24 12:57:52;
5038822;ralf000;5/5;true;Super telefon, prezent dla syna. Jest nim zachwycony, multum moÅ¼liwoÅ›ci, bardzo nowoczesny sprzÄ™t.;;;0;0;2017-09-14 13:12:12;
6263346;asim43298;5/5;true;Stylizacja na miarÄ™ obecnych smartfonÃ³w, lekki, wodoodporny i posiada wiele funkcji dodatkowych;;;0;0;2017-11-28 19:31:18;
6356116;DEVICE;5/5;true;Najlepszy telefon dostÄ™pny na rynku! WyglÄ…d niesamowity! Aparat robi wyÅ›mienite zdjÄ™cia. Ekran wysokiej klasy, kolory sÄ… bardzo Å¼ywe. DziaÅ‚a bez Å¼adnych zajÄ™Ä‡. Polecam wszystkim. WesoÅ‚ych Å›wiÄ…t!;4gb ram aparat przÃ³d aparat tyÅ‚ brak brak diody ir cena czas pracy na baterii dobry aparat duÅ¼y ekran funkcjonalnoÅ›Ä‡ gÅ‚oÅ›niczek latwosc obslugi mega Å‚adny menu boczne na zakrzywionym ekranie porÄ™czny prestiÅ¼owy skaner odciskÃ³w palca Å›liski tyÅ‚ obudowy Å›wietny interfejs ten telefon dla ludzi inteligentnych ;bixby - brak jÄ™zyka polskiego Åºle umiejscowiony skaner odciskÃ³w palcÃ³w ;0;0;2017-12-16 18:28:25;
4846150;U...o;5/5;true;telefon bardzo fajny super design dziaÅ‚a bez zarzutÃ³w nic siÄ™ nie zacina i dobra jakoÅ›Ä‡;;;1;0;2017-07-13 10:32:45;
6268047;MichaÅ‚;5/5;true;Telefon posiadam kilka dni nie mam zastrzeÅ¼eÅ„ co do dziaÅ‚ania, bateria mogÅ‚aby byÄ‡ bardziej pojemna. WyÅ›wietlacz jest bardzo Å‚adny, dziÄ™ki czemu uÅ¼ywanie tego telefonu jest bardzo przyjemne.;4gb ram aparat przÃ³d aparat tyÅ‚ duÅ¼y ekran funkcjonalnoÅ›Ä‡ latwosc obslugi wyglÄ…d ;czas pracy na baterii ;0;0;2017-11-29 14:52:38;
4776297;Åukasz K;5/5;true;SpeÅ‚nia oczekiwania, jeszcze w peÅ‚ni nie przetestowany. Bateria trzyma trochÄ™ za krÃ³tko.;;;0;0;2017-06-21 08:05:11;
4975919;Andrzej;5/5;true;Na razie prÃ³bujÄ™ go rozgrÅºÄ‡, Bardzo duÅ¼o funkcji. ZdjÄ™cia i filmy robi doskonale;;;0;0;2017-08-24 22:15:48;
6258342;Justyna;4/5;true;Jest bardzo dobry, ma wszystko co powinnien mieÄ‡ telefon Jest wrÄ™cz idealny KaÅ¼dy telefon firmy Samsung jest bardzo wytrzymaÅ‚y i ma wiele bardzo fajnych opcji Polecam;;;0;0;2017-11-27 17:22:13;
4916923;Pawel;4,5/5;true;Super sprzÄ™t UÅ¼ywam go od tygodnia i nie mam Å¼adnych zastrzeÅ¼eÅ„. Polecam;;;0;0;2017-08-04 21:03:33;
6237873;UÅ¼ytkownik Ceneo;5/5;true;Åšwietna jakoÅ›Ä‡ zdjÄ™Ä‡ nie tylko w pelnym Å›wietle, duÅ¼a pamiÄ™Ä‡ i wytrzymaÅ‚a bateria, w dodatku telefon nie boi sie wody i zabrudzeÅ„, co jest mega plusem przy moim zawodzie ;);;;0;0;2017-11-22 10:03:10;
6311158;leszek;5/5;true;Najlepszy smartfon z jakim miaÅ‚em doczynienia. Wszystko na wielki plus.;aparat przÃ³d czas pracy na baterii funkcjonalnoÅ›Ä‡ latwosc obslugi wyglÄ…d ;;0;0;2017-12-08 11:37:10;
6389902;Mati;5/5;true;Bardzo dobry telefon, idealnie pasuje do mojej rÄ™ki. Godny polecenia;4gb ram aparat przÃ³d aparat tyÅ‚ brak brak diody ir cena czas pracy na baterii dobry aparat duÅ¼y ekran funkcjonalnoÅ›Ä‡ gÅ‚oÅ›niczek latwosc obslugi mega Å‚adny menu boczne na zakrzywionym ekranie porÄ™czny prestiÅ¼owy skaner odciskÃ³w palca Å›liski tyÅ‚ obudowy Å›wietny interfejs ten telefon dla ludzi inteligentnych wyglÄ…d Åºle umiejscowiony skaner odciskÃ³w palcÃ³w ;bixby - brak jÄ™zyka polskiego bixby - nie rozrÃ³Å¼nia polskich imion ;0;0;2017-12-24 20:59:08;
4535921;SamsungFan;5/5;true;Nareszcie telefon, ktÃ³ry speÅ‚nia moje oczekiwania! ;) pierwszy telefon ze skanerem tÄ™czÃ³wki oka :D;funkcjonalnoÅ›Ä‡ ;;2;2;2017-03-31 10:03:03;
6394739;RadiGd;5/5;true;InteresujÄ™ siÄ™ smartfonami, telefon po ktÃ³rym widaÄ‡ nastÄ™pujÄ…ce zmiany. Poprzedni byÅ‚ S7 (bez Edge;) i po przesiadce na S8 jedno tylko sÅ‚owo - Odlot! Przez krÃ³tki okres uÅ¼ywaÅ‚em Xiaomi Redmi Note 4 (4/64) i polubiÅ‚em bateriÄ™, ktÃ³ra jest w stanie wytrzymaÄ‡ nawet 2 dni, tutaj nie ma szans na pracÄ™ dÅ‚uÅ¼szÄ… niÅ¼ 10-12 godzin, przy czym muszÄ™ zaznaczyÄ‡, Å¼e czÄ™sto uÅ¼ywam telefonu. WyÅ›wietlacz, jakoÅ›Ä‡ wykonania, aparat (jak w s 7) na najwyÅ¼szym poziomie. Skaner tÄ™czÃ³wek - szybki i porÄ™czny. WyÅ›wietlacz jest najwiÄ™kszym atutem. Polecam!;4gb ram aparat przÃ³d aparat tyÅ‚ dobry aparat duÅ¼y ekran funkcjonalnoÅ›Ä‡ gÅ‚oÅ›niczek latwosc obslugi mega Å‚adny menu boczne na zakrzywionym ekranie porÄ™czny prestiÅ¼owy skaner odciskÃ³w palca Å›wietny interfejs wyglÄ…d ;czas pracy na baterii ;0;0;2017-12-27 10:01:38;
4954393;Marcin;4/5;true;Przejrzysty i sprawnie dziaÅ‚ajÄ…cy.;duÅ¼y ekran ;Åºle umiejscowiony skaner odciskÃ³w palcÃ³w ;0;0;2017-08-17 23:18:20;
4691766;Oleksandra;5/5;true;The device is perfect. I wonder how long the battery will work.;;;1;1;2017-05-23 22:40:35;
6285460;Clariesx;5/5;true;WedÅ‚ug mnie telefon jest bardzo dobrze wykonany, dostawa jest dosyÄ‡ szybka, nic siÄ™ nie dzieje podczas dowozu.Jestem zadowolona z tego serwisu,daje 5 gwiazdek;;;0;0;2017-12-03 11:26:14;
5159015;Puci;4,5/5;true;Å›wietne. Polecam. Jak na razie 0 zastrzeÅ¼eÅ„ do produktu;4gb ram aparat przÃ³d aparat tyÅ‚ czas pracy na baterii duÅ¼y ekran funkcjonalnoÅ›Ä‡ gÅ‚oÅ›niczek latwosc obslugi skaner odciskÃ³w palca Å›liski tyÅ‚ obudowy wyglÄ…d Åºle umiejscowiony skaner odciskÃ³w palcÃ³w ;brak diody ir ;0;0;2017-10-25 18:25:00;
5227804;MadMan;5/5;true;Telefon speÅ‚nia oczekiwania. Najwieksza zaleta to super wyÅ›wietlacz, zarÃ³wno pod wzglÄ™dem jasnoÅ›ci i kolorÃ³w jak i wielkoÅ›ci oraz proporcji. Dodatkowo aparat zarÃ³wno tylni jak i przedni radzÄ… sobie w trudnych warunkach oÅ›wietlenia i zdjÄ™cia wyglÄ…dajÄ… Å›wietnie. Procek Å›miga bez zarzutu, nie wiesza siÄ™ i nie tnie przy wzmoÅ¼onym uÅ¼ytkowaniu, a przy tym nie zauwaÅ¼yÅ‚em znacznego nagrzewania sie. Bateria spokojnie daje rade caÅ‚y dzieÅ„ na jednym Å‚adowaniu. No i design, wyrÃ³Å¼nia z otoczenia. Solidny sprzÄ™t w doskonaÅ‚ym wydaniu;menu boczne na zakrzywionym ekranie ;Å›liski tyÅ‚ obudowy ;0;0;2017-11-15 21:32:42;
4880735;Kamil;5/5;true;Telefon bardzo porÄ™czny solidny i szybki. Amoled ryje ocz, aparat Å›wietny. Bateria przy normalnym uÅ¼ywaniu trzyma nawet 36h;4gb ram brak diody ir funkcjonalnoÅ›Ä‡ ;gÅ‚oÅ›niczek Å›liski tyÅ‚ obudowy ;0;0;2017-07-25 10:47:48;
4805589;XXxXX;5/5;true;Jak na razie ok zobaczymy po pÃ³Å‚ roku uÅ¼ytkowania :);;;0;0;2017-06-30 08:33:43;
4625487;Dawid;5/5;true;Jak dla mnie rewelacja, w koÅ„cu Samsung podniÃ³sÅ‚ poprzeczkÄ™:);;;0;2;2017-05-02 19:48:13;
6223292;p maslowska59;4,5/5;true;OgÃ³lnie telefony sÄ… bardzo fajne super siÄ™ sprawdzajÄ… najlepsze jest to ze przy zakupie Nwego telefonu w pudeÅ‚ku jest USb conecter :) czy jakoÅ› tak;;;0;0;2017-11-17 12:52:00;
4670299;damian;5/5;true;PiÄ™kny smartfon wspaniaÅ‚y wyÅ›wietlacz super zdjÄ™cia robi cudo ideaÅ‚ warty kaÅ¼dej zÅ‚otÃ³wki najlepszy na rynku polecam brak konkurencji.;;;2;0;2017-05-16 18:39:12;
4888038;mk;5/5;true;Nic dodaÄ‡, nic ujÄ…Ä‡ - telefon idealny.;;;0;0;2017-07-26 21:02:40;
5031343;AgaciaS;5/5;true;dobry telefon, w sensownej cenie.;;;0;0;2017-09-12 17:20:54;
6271368;NaXik;5/5;true;Bardzo dobry telefon, bateria trzyma dÅ‚ugo nawet przy wymagajÄ…cych grach, jedyna wada to Å›liska obudowa lecz w etui nie ma problemu.;4gb ram aparat przÃ³d aparat tyÅ‚ cena czas pracy na baterii dobry aparat duÅ¼y ekran funkcjonalnoÅ›Ä‡ gÅ‚oÅ›niczek latwosc obslugi mega Å‚adny menu boczne na zakrzywionym ekranie porÄ™czny skaner odciskÃ³w palca Å›wietny interfejs wyglÄ…d ;brak diody ir Å›liski tyÅ‚ obudowy Åºle umiejscowiony skaner odciskÃ³w palcÃ³w ;0;0;2017-11-29 22:35:50;
6441071;Semi;5/5;true;Szybki. Dobrze leÅ¼y w rÄ™ku.;;;0;0;2018-01-05 17:33:44;
6264592;null;5/5;true;CoÅ› fenomenalnego i niepowtarzalnego! Funkcjonalny, niesamowicie dopracowany a przede wszystkim wyjÄ…tkowy! Jeden taki na rynku!;4gb ram aparat przÃ³d aparat tyÅ‚ brak diody ir cena czas pracy na baterii dobry aparat duÅ¼y ekran funkcjonalnoÅ›Ä‡ gÅ‚oÅ›niczek latwosc obslugi mega Å‚adny menu boczne na zakrzywionym ekranie porÄ™czny prestiÅ¼owy skaner odciskÃ³w palca Å›liski tyÅ‚ obudowy Å›wietny interfejs wyglÄ…d Åºle umiejscowiony skaner odciskÃ³w palcÃ³w ;;0;0;2017-11-29 09:29:04;
6295903;Piotr Rembowiecki;4/5;true;PiÄ™kny i porÄ™czny smartphone z wieloma uzgodnieniami .z wytrzumarÅ‚a bateria pamiÄ™ciÄ… bardzo dobra godny uwagi i polecenia;;;0;0;2017-12-05 19:59:57;
4907206;Adam;5/5;true;Rewelacyjny telefon!!!!;;;0;0;2017-08-02 12:53:36;
5068022;Urszula;5/5;true;telefon poprostu bomba;4gb ram czas pracy na baterii funkcjonalnoÅ›Ä‡ latwosc obslugi wyglÄ…d ;;0;0;2017-09-23 20:32:34;
4872046;dawix92;5/5;true;Posiadam telefon od kilku miesiÄ™cy. Jestem w 100% zadowolony, robi Å‚adne zdjÄ™cia, ma proste menu. Telefon godny polecenia.;;;0;0;2017-07-21 11:33:09;
4976023;Ola;5/5;true;Telefon jest cudny:-);4gb ram czas pracy na baterii funkcjonalnoÅ›Ä‡ gÅ‚oÅ›niczek latwosc obslugi wyglÄ…d ;;0;0;2017-08-24 22:51:20;
4769988;Leszek;5/5;true;Super telefon POLECAM;;;0;0;2017-06-19 10:58:55;
6247997;U...o;5/5;true;Profesjonalny i elgancki. Wydajny super zdjecia. Przy nim nie trzeba byÄ‡ mistrzem Å¼eby mÃ³c go rozpracowaÄ‡ duÅ¼a pojemnoÅ›Ä‡;;;0;0;2017-11-23 22:38:53;
4987425;Arek;5/5;true;Rewelacja z etui Led;4gb ram aparat przÃ³d aparat tyÅ‚ duÅ¼y ekran funkcjonalnoÅ›Ä‡ gÅ‚oÅ›niczek latwosc obslugi Å›liski tyÅ‚ obudowy wyglÄ…d ;brak diody ir czas pracy na baterii ;0;0;2017-08-29 11:24:23;
6299359;Marika;5/5;true;Telefon mega szczuplejsza wersja s7 chociaÅ¼ i ten poprzedni oceniam na bardzo dobry wiÄ™c 8 jest najlepszy wedÅ‚ug mnie .;4gb ram aparat przÃ³d aparat tyÅ‚ cena czas pracy na baterii dobry aparat duÅ¼y ekran funkcjonalnoÅ›Ä‡ gÅ‚oÅ›niczek latwosc obslugi mega Å‚adny menu boczne na zakrzywionym ekranie porÄ™czny prestiÅ¼owy skaner odciskÃ³w palca Å›wietny interfejs wyglÄ…d ;brak diody ir Å›liski tyÅ‚ obudowy ten telefon dla ludzi inteligentnych Åºle umiejscowiony skaner odciskÃ³w palcÃ³w ;0;0;2017-12-06 13:10:47;
5199730;MagdaM;5/5;true;Jak dla mnie bomba;aparat przÃ³d czas pracy na baterii funkcjonalnoÅ›Ä‡ latwosc obslugi wyglÄ…d ;;0;0;2017-11-08 07:55:51;
6221773;ndrey;5/5;true;Posiadam telefon od 3 miesiÄ™cy, obecnie bezkompromisowo najlepszy telefon dostÄ™pny na rynku! Pozdrawiam i polecam :);;;0;0;2017-11-17 08:50:33;
6404922;Katarzyna;5/5;true;Dla mnie super;4gb ram aparat przÃ³d aparat tyÅ‚ czas pracy na baterii dobry aparat duÅ¼y ekran funkcjonalnoÅ›Ä‡ latwosc obslugi porÄ™czny wyglÄ…d ;;0;0;2017-12-28 14:03:51;
6241793;UÅ¼ytkownik Ceneo;5/5;true;Super sprzedawca cyfrowe.pl. Dobra cena i ekspresowa wysyÅ‚ka. Polecam kaÅ¼demu. Super;4gb ram aparat tyÅ‚ brak diody ir czas pracy na baterii duÅ¼y ekran funkcjonalnoÅ›Ä‡ wyglÄ…d ;aparat przÃ³d gÅ‚oÅ›niczek latwosc obslugi menu boczne na zakrzywionym ekranie skaner odciskÃ³w palca Å›liski tyÅ‚ obudowy Åºle umiejscowiony skaner odciskÃ³w palcÃ³w ;0;0;2017-11-22 19:19:53;
5077069;GrazynaKS;5/5;true;Super. Polecam;;;0;0;2017-09-27 11:04:16;
4806670;Åukasz;5/5;true;Super telefon;;;0;0;2017-06-30 12:08:11;
4726778;K...f;5/5;true;Polecam bardzo samsung galaxy s 8 Åadny wyglÄ…d tylko cena trochÄ™ za duÅ¼a Polecam;funkcjonalnoÅ›Ä‡ ;;1;1;2017-06-04 12:14:18;
4679361;CeneoMaster;5/5;true;Polecam najlepszy telefon. SzczegÃ³lnie podoba mi siÄ™ w wersji plus w kolorze orchid grey;funkcjonalnoÅ›Ä‡ ;;0;1;2017-05-19 08:00:20;
6411463;Piotr;4,5/5;true;Wszystko ok,;4gb ram aparat przÃ³d aparat tyÅ‚ czas pracy na baterii dobry aparat duÅ¼y ekran latwosc obslugi porÄ™czny wyglÄ…d ;funkcjonalnoÅ›Ä‡ ;0;0;2017-12-29 14:19:16;
4753678;Obi Åan;5/5;true;WyÅ›mienicie;;;0;0;2017-06-13 06:58:01;
5148647;Pawello700;5/5;true;Bardzo dobry produkt. W grach siÄ™ nie zacina, pracuje stabilnie, nie grzeje siÄ™ oraz Å‚adnie wyglÄ…da. Polecam :);4gb ram aparat przÃ³d aparat tyÅ‚ duÅ¼y ekran funkcjonalnoÅ›Ä‡ latwosc obslugi wyglÄ…d ;;0;0;2017-10-22 19:19:18;
4951203;UÅ¼ytkownik Ceneo;4,5/5;true;OK Polecam;;;0;0;2017-08-17 11:02:22;
5224843;PaweÅ‚;5/5;true;Polecam;aparat przÃ³d aparat tyÅ‚ funkcjonalnoÅ›Ä‡ latwosc obslugi ;czas pracy na baterii ;0;0;2017-11-15 12:15:59;
5038959;Albert;4,5/5;true;Smartfon wart zakupu - oczywiÅ›cie po cenie znacznie niÅ¼szej niÅ¼ oferowana przez autoryzowanych sprzedawcÃ³w.;;czas pracy na baterii ;0;0;2017-09-14 13:40:51;
4762869;Raf;5/5;true;polecam;;;0;0;2017-06-15 23:09:31;
5033407;Albert;4,5/5;true;dobrze;;;0;0;2017-09-13 11:27:51;
4796227;tomekczarny3;5/5;true;Extra;;;0;0;2017-06-27 18:56:40;
6438643;WÅ‚odzimierz;5/5;true;Super aparat tylny, duÅ¼a jasnoÅ›Ä‡ i szybkoÅ›Ä‡ dziaÅ‚ania. Bardzo przyzwoity aparat za przyzwoite pieniÄ…dze.;4gb ram aparat przÃ³d aparat tyÅ‚ cena czas pracy na baterii dobry aparat duÅ¼y ekran ekran funkcjonalnoÅ›Ä‡ gÅ‚oÅ›niczek latwosc obslugi mega Å‚adny menu boczne na zakrzywionym ekranie porÄ™czny skaner odciskÃ³w palca szybkie Å‚adowanie Å›liski tyÅ‚ obudowy Å›wietny interfejs wodoodporny wyglÄ…d ;Åºle umiejscowiony skaner odciskÃ³w palcÃ³w ;0;0;2018-01-05 11:51:02;
6436373;Tomek;5/5;true;o.k.;;;0;0;2018-01-04 21:20:26;
6355438;asx;5/5;true;Telefon wyglÄ…da bajecznie, bardzo szybki, robi Å›liczne zdjÄ™cia chyba najlepszy aparat wÅ›rÃ³d smartfonÃ³w;;;0;0;2017-12-16 13:14:11;
6244862;Wiola;5/5;true;Åšwietny aparat, duÅ¼y wyÅ›wietlacz, mega pojemnoÅ›Ä‡, odpornoÅ›Ä‡ na wodÄ™, po prostu Å›wietny produkt polecam;aparat przÃ³d aparat tyÅ‚ czas pracy na baterii duÅ¼y ekran funkcjonalnoÅ›Ä‡ latwosc obslugi wyglÄ…d ;;0;0;2017-11-23 12:07:02;
6419663;inny;5/5;true;Do zdjÄ™Ä‡ bezkonkurencyjny biorÄ…c pod uwagÄ™ cenÄ™ to asus zenfone 520 kl 32 gb ramu . laserowy autofokus;;;0;0;2018-01-01 21:11:57;
6311694;Zulu;4/5;true;ok;;;0;0;2017-12-08 12:10:03;
4845824;Paulina;5/5;true;Ok;;;0;0;2017-07-13 09:45:21;
5602194;Miszcz;4,5/5;true;Åšwietny telefon, jego ekran to jakaÅ› bajka;) aparat to jeszcze wiÄ™ksza bajka , ogÃ³lnie telefon super.;4gb ram aparat przÃ³d aparat tyÅ‚ czas pracy na baterii duÅ¼y ekran funkcjonalnoÅ›Ä‡ gÅ‚oÅ›niczek latwosc obslugi menu boczne na zakrzywionym ekranie skaner odciskÃ³w palca wyglÄ…d ;brak diody ir Å›liski tyÅ‚ obudowy Åºle umiejscowiony skaner odciskÃ³w palcÃ³w ;0;0;2017-11-16 10:36:41;
5020542;Sophie;5/5;true;.;4gb ram aparat przÃ³d aparat tyÅ‚ czas pracy na baterii duÅ¼y ekran funkcjonalnoÅ›Ä‡ gÅ‚oÅ›niczek latwosc obslugi wyglÄ…d ;Å›liski tyÅ‚ obudowy ;0;0;2017-09-08 10:54:57;
6239281;witkowski15;5/5;true;Moim zdaniem najlepszy model telefonu obecnie na rynku.Szybki, dobrze wyglÄ…da, no moÅ¼e po za cenÄ….;;;0;0;2017-11-22 12:55:36;
4800868;Agatka140;4,5/5;true;przyjemny telefon niestety szybko pojawiÅ‚o siÄ™ na tyle pekniecie z nieznanych powodÃ³w.;;;0;0;2017-06-28 19:55:11;
4888012;P...r;5/5;true;GorÄ…co polecam, bardzo dobry jakoÅ›ciowo produkt w rozsÄ…dnej cenie. Polecam wszystkim;;;0;0;2017-07-26 20:55:44;
6284499;Kasiks;5/5;true;Telefon jest bardzo dobry,dobrze siÄ™ sprawuje i moim zdaniem nie ma Å¼adnych wad.;;czas pracy na baterii ;0;0;2017-12-02 19:54:46;
4981023;P...r;5/5;true;Znakomity produkt, bardzo dobra jakoÅ›Ä‡ i rozsÄ…dna cena. GorÄ…co polecam wszystkim;;;0;0;2017-08-26 15:56:05;
6358617;jakubma65;5/5;true;Super telefon 5/5 Å›wietny aparat cudowny ekran po prostu cud miÃ³d i orzeszki;;;0;0;2017-12-17 19:41:43;
4602309;Pio;2/5;false;Nie polecam jedyne co to Å‚adnie wyglÄ…da z obsÅ‚uga i system staÅ‚ na 2 planie;aparat ;czas pracy na baterii, zakrzywiony ekran dotyka siÄ™ niechcÄ…cy, nakÅ‚adka ktÃ³ra lubi przyklatkowaÄ‡, 4 gb ramu gdy konkurencja ma juÅ¼ 6, w tej cenie oczekuje siÄ™ wiÄ™cej, czytnik linii papilarnych, szkÅ‚o z tylu, sÅ‚aba jakoÅ›Ä‡ gÅ‚oÅ›nika, brak stereo w gÅ‚oÅ›nikach, doÅ›Ä‡ gruby 8 mm, prawie ten sam aparat od s6 ;2;10;2017-04-25 12:14:09;
6424216;UÅ¼ytkownik Ceneo;0,5/5;false;Tani kalkulator bÄ™dÄ…cy kolejnÄ… podrÃ³bkÄ… Iphona X.;;4gb ram aparat przÃ³d aparat tyÅ‚ bixby - brak jÄ™zyka polskiego bixby - nie rozrÃ³Å¼nia polskich imion brak brak diody ir cena czas pracy na baterii czytnik linii papilarnych jest za wysoko dobry aparat duÅ¼y ekran ekran ergonomia funkcjonalnoÅ›Ä‡ gÅ‚oÅ›niczek latwosc obslugi mega Å‚adny menu boczne na zakrzywionym ekranie porÄ™czny prestiÅ¼owy skaner odciskÃ³w palca sÅ‚aby gÅ‚oÅ›nik szybkie Å‚adowanie szybkoÅ›Ä‡ Å›liski tyÅ‚ obudowy Å›wietne akcesoria Å›wietny interfejs ten telefon dla ludzi inteligentnych wodoodporny wyglÄ…d Åºle umiejscowiony skaner odciskÃ³w palcÃ³w ;0;0;2018-01-02 22:22:15;
5652783;Patryk;5/5;true;PiÄ™kny i mega wydajny smartfon. Aktualnie najlepszy na rynku. Mega aparat!;4gb ram aparat przÃ³d aparat tyÅ‚ brak diody ir czas pracy na baterii duÅ¼y ekran funkcjonalnoÅ›Ä‡ gÅ‚oÅ›niczek latwosc obslugi menu boczne na zakrzywionym ekranie skaner odciskÃ³w palca Å›liski tyÅ‚ obudowy wyglÄ…d ;;0;0;2017-11-16 10:52:18;
6242977;SuSzAk;4,5/5;true;Super wyglÄ…d, funkcjonalnoÅ›Ä‡ i podzespoÅ‚y. Czego chcieÄ‡ wiÄ™cej? Polecam.;;;0;0;2017-11-22 22:34:10;
6254842;marek sÅ‚owik;5/5;true;piekny telefon pod wzglÄ™dem wyglÄ…du. Znakomina wydajnoÅ›c Å›wietna firma;czas pracy na baterii funkcjonalnoÅ›Ä‡ wyglÄ…d ;;0;0;2017-11-26 18:15:12;
6358622;jakubma65;5/5;true;Å›wietny telefon cudowny aparat i ekran, mÃ³j najlepszy zakup:);;;0;0;2017-12-17 19:44:07;
5000356;marcinbs79;5/5;true;Telefon jest rewelacyjny;aparat przÃ³d aparat tyÅ‚ czas pracy na baterii duÅ¼y ekran funkcjonalnoÅ›Ä‡ latwosc obslugi wyglÄ…d ;Åºle umiejscowiony skaner odciskÃ³w palcÃ³w ;0;0;2017-09-01 15:13:59;
6237089;null;5/5;true;Åšwietny wybÃ³r naleÅ¼y do najdawniejszych jaki miaÅ‚am;;;0;0;2017-11-21 22:57:03;
6248210;Marcin;5/5;true;polecam ta strone jest najlepsza jak ten telefon;;;0;0;2017-11-24 00:37:35;
6430051;mÃ³j nick;4/5;true;Ta opinia jest opiniÄ… do tego telefonu, dziÄ™kujÄ™;;;0;0;2018-01-03 21:11:20;
6356184;null;5/5;true;Bardzo duÅ¼o fajnych funkcji prosty w obsÅ‚udze;;;0;0;2017-12-16 18:47:47;
6258378;xpikaczx;4,5/5;true;Telefon bardzo Å‚adny i wydajny, polecam :);aparat przÃ³d aparat tyÅ‚ czas pracy na baterii funkcjonalnoÅ›Ä‡ latwosc obslugi wyglÄ…d ;;0;0;2017-11-27 17:28:54;
6242878;UÅ¼ytkownik Ceneo;5/5;true;Polecam!;4gb ram aparat przÃ³d aparat tyÅ‚ brak diody ir czas pracy na baterii duÅ¼y ekran funkcjonalnoÅ›Ä‡ gÅ‚oÅ›niczek latwosc obslugi menu boczne na zakrzywionym ekranie skaner odciskÃ³w palca Å›liski tyÅ‚ obudowy wyglÄ…d Åºle umiejscowiony skaner odciskÃ³w palcÃ³w ;;0;0;2017-11-22 22:21:20;
6308739;Jakub;5/5;true;Bardzo dobry telefon dobrze siÄ™ sprawuje;4gb ram aparat przÃ³d aparat tyÅ‚ czas pracy na baterii duÅ¼y ekran funkcjonalnoÅ›Ä‡ latwosc obslugi ;;0;0;2017-12-07 20:49:39;
6242957;Seto;5/5;true;Polecam!;;;0;0;2017-11-22 22:31:29;
4804371;Kris;5/5;true;WspaniaÅ‚y flagowiec, bez wad! Polecam !;;;0;0;2017-06-29 17:48:36;
4590359;mlipe;5/5;true;Posiadam od 2 dni i napisze jedno. Najlepszy!;;;0;2;2017-04-20 20:41:34;
6247927;szuchniak12;5/5;true;Dobry ekran amoled piÄ™kne kolory;;;0;0;2017-11-23 22:18:45;
5192323;jaro;4/5;true;SprzÄ™t ok, Å›miga. Bateria sÅ‚aba;;;0;0;2017-11-06 13:04:37;
5084056;Waldemar;5/5;true;Nowy sprzÄ™t zawsze cieszy.;;;0;0;2017-09-29 09:59:00;
6428467;jola;4/5;true;MAÅY POJEMNIK NA KURZ;;;0;0;2018-01-03 16:49:33;
6233348;Daniel;5/5;true;Super tel polecam;4gb ram aparat przÃ³d aparat tyÅ‚ brak diody ir czas pracy na baterii duÅ¼y ekran funkcjonalnoÅ›Ä‡ gÅ‚oÅ›niczek latwosc obslugi menu boczne na zakrzywionym ekranie skaner odciskÃ³w palca Å›liski tyÅ‚ obudowy wyglÄ…d Åºle umiejscowiony skaner odciskÃ³w palcÃ³w ;;0;0;2017-11-21 09:16:50;
6253803;null;5/5;true;Telefon super nap;4gb ram aparat przÃ³d aparat tyÅ‚ czas pracy na baterii dobry aparat duÅ¼y ekran funkcjonalnoÅ›Ä‡ gÅ‚oÅ›niczek latwosc obslugi mega Å‚adny menu boczne na zakrzywionym ekranie porÄ™czny prestiÅ¼owy skaner odciskÃ³w palca Å›liski tyÅ‚ obudowy Å›wietny interfejs wyglÄ…d Åºle umiejscowiony skaner odciskÃ³w palcÃ³w ;brak diody ir cena ;0;0;2017-11-26 00:20:39;
6400617;goÅ›Ä‡;5/5;true;gorÄ…co polecam;;;0;0;2017-12-27 21:21:48;
4868611;Supertest;4/5;true;Super telefon;;;0;0;2017-07-20 12:31:22;
6282800;UÅ¼ytkownik Ceneo;5/5;true;Mega tel! ğŸ˜Š;;;0;0;2017-12-01 22:56:14;
5006140;ok;5/5;true;ok;4gb ram aparat tyÅ‚ czas pracy na baterii duÅ¼y ekran funkcjonalnoÅ›Ä‡ latwosc obslugi wyglÄ…d ;;0;0;2017-09-04 12:45:45;
6290809;UÅ¼ytkownik Ceneo;4,5/5;true;PiÄ™kny ekran, niestety z tyÅ‚u palcuje strasznie. pÅ‚ynne dziaÅ‚anie na plus aplikacje samsunga ( kwestia gustu), BojÄ™ siÄ™ o baterie, Å¼ywotnoÅ›Ä‡ jak i czas pracy na baterii nie jestem wymagajÄ…cym uÅ¼ytkownikiem ale i tak mam obawy. Na gigantyczny plus aparat przÃ³d jak i tyÅ‚.;;;0;0;2017-12-04 19:11:11;
4962116;Przemek;5/5;true;Witam. UÅ¼ywam telefonu od miesiÄ…ca i jeÅ›li chodzi o potrzeby zwykÅ‚ego "Kowalskiego" to: telefon jest super szybki, nic nie tnie, aparat bajka, nakÅ‚adka bardzo funkcjonalna, jakoÅ›Ä‡ rozmÃ³w dobra, wyÅ›wietlacz genialny do oglÄ…dania filmÃ³w. Polecam z czystym sumieniem.;4gb ram aparat przÃ³d aparat tyÅ‚ funkcjonalnoÅ›Ä‡ gÅ‚oÅ›niczek latwosc obslugi wyglÄ…d ;brak diody ir czas pracy na baterii Å›liski tyÅ‚ obudowy ;0;1;2017-08-21 11:08:15;
6296391;Mariusz Langer;5/5;true;Samsung to najlepsza firma produkujÄ…ca elektronikÄ™. Ja osobiÅ›cie posiadam smartfon S8 i jestem z niego bardzo zadowolony, robi Å›wietne zdjÄ™cia, wyglÄ…da rewelacyjnie, dobrze leÅ¼y w dÅ‚oni, a w codziennym uÅ¼ytkowaniu daje duÅ¼o moÅ¼liwoÅ›ci i satysfakcji z pracy tego urzÄ…dzenia. ReasumujÄ…c nie ma lepszych na rynku telefonÃ³w niÅ¼ Samsung.;;;0;0;2017-12-05 21:53:57;
4596275;Nikesz;1,5/5;false;Dwa dni uÅ¼ytkowania - dwa razy Å‚adowaÅ‚em bateriÄ™. MiaÅ‚em wraÅ¼enie, Å¼e telefon rozÅ‚adowuje siÄ™ od samego leÅ¼enia.;;;2;10;2017-04-22 20:38:17;
4639807;Dariusz;0,5/5;false;Za te pieniÄ…dze to szaÅ‚u nie ma odradzam;;;0;9;2017-05-07 17:28:47;
5142832;Gleakn;5/5;true;Najlepszy smartphone jakiego miaÅ‚em w rÄ™ku!! PÅ‚ynnosc pracy , brak zawieszeÅ„ , wyswietlacz oled qhd nawet pod duzym katem wciaz wyglada swietnie. aparat na duzy plus a juz skaner biometryczny to wisienka na torcie :);;;0;0;2017-10-19 23:14:18;
6262373;MichaÅ‚K;5/5;true;Najlepszy telefon jaki miaÅ‚em. Zaspokaja wszystkie moje potrzeby I nigdy mnie nie zawiÃ³dÅ‚. Godne polecenia: - aparat - moduÅ‚ NFC - ekran - GPS szybko znajduje sygnaÅ‚ - bateria jak na tak wydajny tel trzyma ok Nic nie zacina, przymula czy myÅ›li dÅ‚uÅ¼ej niÅ¼ mrugniÄ™cie. OgÃ³lnie wart swojej ceny.;4gb ram aparat przÃ³d aparat tyÅ‚ czas pracy na baterii duÅ¼y ekran funkcjonalnoÅ›Ä‡ latwosc obslugi wyglÄ…d ;;0;0;2017-11-28 15:47:41;
4796907;Marta;5/5;true;To mÃ³j pierwszy dzieÅ„ z nowym nabytkiem, ale pierwsze wraÅ¼anie jak najbardziej pozytywne. Telefon intuicyjny i Å‚atwy w obsÅ‚udze, oferuje wiele nowatorskich rozwiÄ…zaÅ„.;;;3;0;2017-06-27 22:37:58;
6252810;sajor0;5/5;true;Telefon jest niezawodny. Jego funkcjonalnoÅ›Ä‡ mega zadowala. Jest bardzo szybki co bardzo skraca czas wykonywanej na nim pracy. Jeszcze nigdy siÄ™ na nim nie zawiodÅ‚em oraz nie dostrzegÅ‚em Å¼adnych lagÃ³w ani przyciÄ™Ä‡, przeskakiwanie klatek. Telefon jest rewelacyjny i oby wiÄ™cej takich;aparat przÃ³d aparat tyÅ‚ czas pracy na baterii duÅ¼y ekran funkcjonalnoÅ›Ä‡ gÅ‚oÅ›niczek latwosc obslugi menu boczne na zakrzywionym ekranie skaner odciskÃ³w palca wyglÄ…d Åºle umiejscowiony skaner odciskÃ³w palcÃ³w ;4gb ram brak diody ir Å›liski tyÅ‚ obudowy ;0;0;2017-11-25 14:03:13;
4849887;Ludwik;5/5;true;Telefon bardzo fajny ale za krÃ³tko posiadam aby oceniÄ‡ dokÅ‚adnie. MiaÅ‚em juÅ¼ "4","6" i "7" z ktÃ³rych byÅ‚em bardzo zadowolony wiÄ™c myÅ›lÄ™, Å¼e ten rÃ³wnieÅ¼ mnie zadowoli.;;;0;0;2017-07-14 10:01:50;
4742406;Andrzej;5/5;true;Po 3 dniach uÅ¼ytkowania duÅ¼o nie napiszÄ™, ale mam do czynienia z Galaxy od nr.1 aÅ¼ po 8 i nigdy mnie nie zawiÃ³dÅ‚ Samsung. Fakt Å¼e ceny nowych teraz sÄ… z kosmosu.....;;;0;2;2017-06-08 18:45:19;
4976768;Wojtek G;5/5;true;Telefon speÅ‚nia moje oczekiwania.Skaner odciskÃ³w jest umieszczony na wÅ‚aÅ›ciwym miejscu,pasuje pod palec wskazujÄ…cy.WybraÅ‚em kolor szary.;4gb ram aparat przÃ³d aparat tyÅ‚ czas pracy na baterii duÅ¼y ekran funkcjonalnoÅ›Ä‡ gÅ‚oÅ›niczek latwosc obslugi ;;0;0;2017-08-25 09:53:15;
6357335;kornelkaj1301;5/5;true;UwaÅ¼am, ze ten produkt prezentuje siÄ™ wrÄ™cz doskonale. Najbardziej podoba mi siÄ™ wyglÄ…d tego urzÄ…dzenia. SkrÃ³cone boki ekranu umoÅ¼liwiajÄ… jeszcze bardziej komfortowe korzystanie z tego telefonu. Aparatu rÃ³wnieÅ¼ nic nie moÅ¼na zarzuciÄ‡.;4gb ram aparat przÃ³d aparat tyÅ‚ brak brak diody ir cena czas pracy na baterii dobry aparat duÅ¼y ekran funkcjonalnoÅ›Ä‡ gÅ‚oÅ›niczek latwosc obslugi mega Å‚adny menu boczne na zakrzywionym ekranie porÄ™czny prestiÅ¼owy skaner odciskÃ³w palca Å›liski tyÅ‚ obudowy Å›wietny interfejs ten telefon dla ludzi inteligentnych wyglÄ…d Åºle umiejscowiony skaner odciskÃ³w palcÃ³w ;bixby - brak jÄ™zyka polskiego bixby - nie rozrÃ³Å¼nia polskich imion ;0;0;2017-12-17 10:08:19;
6432036;Omega;5/5;true;Telefon OK, podpowiedzi podczas pisania smsÃ³w mogÅ‚yby byÄ‡ bardziej sensowne, przycisk odblokowania palcem jest w zÅ‚ym miejscu.;aparat przÃ³d czas pracy na baterii latwosc obslugi wyglÄ…d ;funkcjonalnoÅ›Ä‡ ;0;0;2018-01-04 10:52:08;
4773057;Adam;4,5/5;true;Telefon petarda... ale wyÅ›wietlacz wchodzÄ…cy w rÃ³Å¼ draÅ¼ni, trzeba siÄ™ pobawiÄ‡ z ustawieniami kolorÃ³w, wtedy jest akceptowalnie.;;;1;0;2017-06-20 09:55:54;
6382182;art kaz;5/5;true;podobno TO najlepszy telefon po "nadgryzionym jabÅ‚uszku"; ale o TO naleÅ¼y pytaÄ‡ uÅ¼ytkownika ... to byÅ‚ prezent :);;;0;0;2017-12-21 21:58:12;
4802952;matigo;5/5;true;Genialny telefon! Szkoda tylko, Å¼e ma 4gb ram i nie jest w stereo. Poza tym dla mnie wadÄ… jest to, Å¼e Bixby jest niedostÄ™pny :( Reszta jest genialna. Trzeba tylko uwaÅ¼aÄ‡ Å¼eby nie upadÅ‚...;funkcjonalnoÅ›Ä‡ gÅ‚oÅ›niczek Å›liski tyÅ‚ obudowy ;;0;1;2017-06-29 11:43:23;
6325317;Poldek;3,5/5;null;Dlaczego nie podajÄ… ceny w polskich sklepach samsung galaxy s8 moÅ¼na byÅ‚o kupiÄ‡ za 2300zÅ‚ do 2400zÅ‚ (cena z lipca 2017). Dlaczego taka medialna cisza, na ceneo same zagraniczne firmy;;;0;0;2017-12-11 14:41:58;
4954870;j...f;5/5;true;moÅ¼liwoÅ›ci Galaxy s8 nieograniczone, jakoÅ›Ä‡ zdjÄ™Ä‡ i dajÄ…ca uÅ›miech na twarzy:)xd;;;0;0;2017-08-18 09:33:21;
6354959;oliwia;3,5/5;null;polecam strasznie ten telefon szybkie Å‚adowanie jest mega gdy sie gdzieÅ› spieszycie . 4GB fajniusio taki telefon mogÅ‚abym reklamowaÄ‡ wszÄ™dzie nie mam sÅ‚Ã³w na niego gorÄ…co polecamm;4gb ram aparat przÃ³d aparat tyÅ‚ bixby - brak jÄ™zyka polskiego brak brak diody ir cena czas pracy na baterii dobry aparat duÅ¼y ekran funkcjonalnoÅ›Ä‡ gÅ‚oÅ›niczek latwosc obslugi mega Å‚adny menu boczne na zakrzywionym ekranie porÄ™czny prestiÅ¼owy skaner odciskÃ³w palca Å›liski tyÅ‚ obudowy Å›wietny interfejs ten telefon dla ludzi inteligentnych wyglÄ…d Åºle umiejscowiony skaner odciskÃ³w palcÃ³w ;bixby - nie rozrÃ³Å¼nia polskich imion ;0;0;2017-12-16 10:12:20;
6237186;pibied;5/5;true;UrzÄ…dzenie Å¼e Å›wietnym ekranem. Bateria trzyma caÅ‚y dzieÅ„ przy normalnym uÅ¼ytkowaniu. Foto super. ZewnÄ™trznie smukÅ‚y, porÄ™czny ale Tak Å›lisko Å¼e strach zdejmowaÄ‡ etui. Polecam.;;;0;0;2017-11-21 23:59:27;
6384600;jb;4,5/5;true;Na razie speÅ‚nia wszystkie oczekiwania mimo Å¼e uÅ¼ytkujÄ™ dopiero od tygodnia;aparat przÃ³d czas pracy na baterii funkcjonalnoÅ›Ä‡ latwosc obslugi wyglÄ…d ;;0;0;2017-12-22 13:16:20;
4846492;Iwan;5/5;true;Wszystko ok. MiaÅ‚em tylko maÅ‚y problem z poÅ‚Ä…czeniem bluetooth z Gear S3.;;;0;0;2017-07-13 11:17:57;
5226770;m...5;5/5;true;Telefon jak na flagowca myÅ›lÄ™ Å¼e nie zawiÃ³dÅ‚ nikogo jest tak dopracowany Å¼e palce lizaÄ‡ wyÅ›wietlacz mistrzostwo Å›wiata. O 8 moÅ¼na pisaÄ‡ wiele i duÅ¼o samych dobrych opini.;;;0;0;2017-11-15 17:45:01;
5161056;Marek;5/5;true;super, polecam. Towar zgodny z opisem i szybko zrealizowane zamÃ³wienie.;;;0;0;2017-10-26 11:03:04;
5053044;maciek;5/5;true;Aparat robi genialne zdjÄ™cia telefon jest Å‚atwy w obsÅ‚udze ^.^;aparat tyÅ‚ Å›liski tyÅ‚ obudowy ;;0;0;2017-09-19 16:59:03;
6295914;Mohammed Karim;5/5;true;very beautiful smartphone, the best actually on the market.;;;0;0;2017-12-05 20:03:43;
5213512;Leszek;5/5;true;Bardzo fajne nowe rozwiÄ…zania jak zwykle producent nie Å›pi;;;0;0;2017-11-11 22:28:22;
5144834;null;4/5;true;Posiadam s8.4miesiace jestem bardzo zadowolony choc spodziewalem sie bardziej ryso odpornego wyÅ›wietlacza jak i tyÅ‚u telefonu Za to gwiazdka mniej niestety.;;;0;0;2017-10-20 14:38:04;
4881363;Magnez;5/5;true;Smartphone dziaÅ‚a super szybko. Jestem z niego zadowolony.;;;0;0;2017-07-25 12:30:44;
6177622;Renata;4,5/5;true;MarzyÅ‚am o nim, nie dosyÄ‡ Å¼e funkcjonalny, szybki w dziaÅ‚aniu to jeszcze jak wyglÄ…da! Dizajnerski, nowoczesny, troszkÄ™ "chÅ‚odny" co dodaje mu wyjÄ…tkowoÅ›ci!;;wyglÄ…d ;0;0;2017-11-16 15:33:29;
6291567;ewelina;5/5;true;Polecam telefon w 100%;brak diody ir cena dobry aparat mega Å‚adny menu boczne na zakrzywionym ekranie porÄ™czny prestiÅ¼owy skaner odciskÃ³w palca Å›liski tyÅ‚ obudowy Å›wietny interfejs Åºle umiejscowiony skaner odciskÃ³w palcÃ³w ;brak ;0;0;2017-12-04 22:10:26;
5097425;DZ;5/5;true;dziaÅ‚a tak jak podano w opisie produktu.;;;0;0;2017-10-04 15:55:11;
5115662;Damiano;5/5;true;Super telefon, solidnie wykonany;4gb ram aparat przÃ³d aparat tyÅ‚ brak diody ir duÅ¼y ekran funkcjonalnoÅ›Ä‡ latwosc obslugi skaner odciskÃ³w palca wyglÄ…d Åºle umiejscowiony skaner odciskÃ³w palcÃ³w ;czas pracy na baterii ;0;0;2017-10-11 08:17:52;
5052668;MarcinPC;5/5;true;Bardzo dobry telefon;;;0;0;2017-09-19 14:47:11;
5204169;Przemo;5/5;true;Zadowolony z zakupu;;;0;0;2017-11-09 09:12:11;
6249593;Konrad;5/5;true;Super telefon;;;0;0;2017-11-24 12:13:03;
4858096;MARCIN;5/5;true;SUPER POLECAM;;;0;0;2017-07-17 18:20:35;
5148648;Pawello700;5/5;true;Bardzo dobry produkt. W grach siÄ™ nie zacina, pracuje stabilnie, nie grzeje siÄ™ oraz Å‚adnie wyglÄ…da. Polecam :);;;0;0;2017-10-22 19:19:43;
5051460;Arek;5/5;true;Super;4gb ram aparat przÃ³d aparat tyÅ‚ duÅ¼y ekran funkcjonalnoÅ›Ä‡ gÅ‚oÅ›niczek latwosc obslugi wyglÄ…d ;czas pracy na baterii skaner odciskÃ³w palca Å›liski tyÅ‚ obudowy ;0;0;2017-09-19 11:01:50;
5157486;czaszka;5/5;true;ok;;;0;0;2017-10-25 13:21:43;
4757538;bembie;5/5;true;Telefon Å›wietnie wyglÄ…da i Å›miga jak zÅ‚oto. Intuicyjny w obsÅ‚udze. Åšwietny skaner tÄ™czÃ³wki. Polecam.;;;0;0;2017-06-14 10:06:22;
5198095;F...i;5/5;true;Bardzo dobry, estetyczny i funkcjonalny telefon w przystÄ™pnej cenie. GorÄ…co polecam!;funkcjonalnoÅ›Ä‡ wyglÄ…d ;;0;0;2017-11-07 20:28:55;
5198094;F...i;4/5;true;Bardzo dobry, estetyczny i funkcjonalny telefon w przystÄ™pnej cenie. GorÄ…co polecam!;czas pracy na baterii funkcjonalnoÅ›Ä‡ wyglÄ…d ;;0;0;2017-11-07 20:28:35;
4803987;iwona;2/5;false;szaÅ‚u ni ma;;;0;3;2017-06-29 15:22:45;
4879871;Daniel;5/5;true;Czemu ten telefon kosztuje 2700 zÅ‚ a w innych sklepach aÅ¼ 3000 czasami 3500 ?;;;0;0;2017-07-24 22:57:39;
6240826;Marcelskyyy;5/5;true;telefon super ,wyglÄ…d styl parametry i wydajnoÅ›c dajÄ… swoje ! Pozdrawiam;aparat przÃ³d aparat tyÅ‚ czas pracy na baterii funkcjonalnoÅ›Ä‡ latwosc obslugi wyglÄ…d ;;0;0;2017-11-22 16:21:32;
6242990;SuSzAk;4,5/5;true;Super wyglÄ…d, funkcjonalnoÅ›Ä‡ i podzespoÅ‚y. Czego chcieÄ‡ wiÄ™cej? Polecam.;;;0;0;2017-11-22 22:35:11;
6242986;SuSzAk;4,5/5;true;Super wyglÄ…d, funkcjonalnoÅ›Ä‡ i podzespoÅ‚y. Czego chcieÄ‡ wiÄ™cej?;;;0;0;2017-11-22 22:34:31;
6282093;Monika;5/5;true;Telefon ma bardzo fajny wyglÄ…d. Super parametry. Polecam;;;0;0;2017-12-01 20:02:00;
6272129;haha;5/5;true;TEN OTO TELEFON TO NAJLEPSZY KTORY WIDZIALAM JEST PIÄ˜KNY!;;;0;0;2017-11-30 08:31:28;
6242987;SuSzAk;4/5;true;Super wyglÄ…d, funkcjonalnoÅ›Ä‡ i podzespoÅ‚y. Polecam.;;;0;0;2017-11-22 22:34:50;
6379659;UÅ¼ytkownik Ceneo;4,5/5;true;Every thing fine;czas pracy na baterii funkcjonalnoÅ›Ä‡ latwosc obslugi wyglÄ…d ;;0;0;2017-12-21 13:29:57;
5046232;Sennea;5/5;true;PiÄ™kny telefon;4gb ram aparat przÃ³d aparat tyÅ‚ duÅ¼y ekran funkcjonalnoÅ›Ä‡ gÅ‚oÅ›niczek latwosc obslugi Å›liski tyÅ‚ obudowy wyglÄ…d ;czas pracy na baterii ;0;0;2017-09-17 11:48:21;
4677820;S...k;1/5;false;Najgorsze co mogÅ‚o byÄ‡ okropny telefon aparat nie mÃ³wiÄ…c o czytniku linii papilarnych;funkcjonalnoÅ›Ä‡ ;;0;13;2017-05-18 15:54:23;
4937587;UÅ¼ytkownik Ceneo;5/5;true;Jest wypas...;gÅ‚oÅ›niczek latwosc obslugi wyglÄ…d ;;0;0;2017-08-11 16:33:26;
6227599;Roman;5/5;true;Polecam;4gb ram aparat przÃ³d funkcjonalnoÅ›Ä‡ latwosc obslugi wyglÄ…d ;;0;0;2017-11-19 08:14:31;
